{"alpha_base_sessions": [0.8312, 0.7138, 0.75, 0.7596, 0.7234, 0.4186], "alpha_new_sessions": [0, 0.98, 0.997, 0.999, 0.997, 0.881], "alpha_all_sessions": [0, 0.7581666666666667, 0.6781428571428572, 0.599625, 0.5126666666666667, 0.2974], "alpha_ideal": 0, "session_classes": [[0, 1, 2, 3, 4], [8], [9], [7], [5], [6]]}