{"omega_base": 0.8160121611350393, "omega_new": 0.2004, "omega_all": 0.5501318059526826}