{"alpha_base_sessions": [0.8246, 0.2916, 0.7524, 0.7666, 0.6654, 0.7448], "alpha_new_sessions": [0, 0.996, 0.0, 0.006, 0.0, 0.0], "alpha_all_sessions": [0, 0.409, 0.5404285714285715, 0.479875, 0.36966666666666664, 0.3724], "alpha_ideal": 0.7894, "session_classes": [[0, 1, 2, 3, 4], [8], [7], [9], [6], [5]]}