{"omega_base": 0.911833612240019, "omega_new": 0.2828, "omega_all": 0.6433823222491643}