{"alpha_base_sessions": [0.8216, 0.7246, 0.7758, 0.7796, 0.7514, 0.7828], "alpha_new_sessions": [0, 0.999, 0.409, 0.004, 0.0, 0.002], "alpha_all_sessions": [0, 0.7703333333333333, 0.6208571428571429, 0.488, 0.4197777777777778, 0.3923], "alpha_ideal": 0.8366, "session_classes": [[0, 1, 2, 3, 4], [9], [8], [5], [6], [7]]}