{"omega_base": 0.784710539336962, "omega_new": 0.522, "omega_all": 0.587210185905139}