{"alpha_base_sessions": [0.8186, 0.6906, 0.2078, 0.7624, 0.7546, 0.7564], "alpha_new_sessions": [0, 0.699, 0.994, 0.915, 0.002, 0.0], "alpha_all_sessions": [0, 0.692, 0.2904285714285714, 0.590875, 0.422, 0.3782], "alpha_ideal": 0.8084, "session_classes": [[0, 1, 2, 3, 4], [5], [6], [7], [9], [8]]}