{"omega_base": 0.8265174129353233, "omega_new": 0.33039999999999997, "omega_all": 0.5714924386006475}