{"alpha_base_sessions": [0.8216, 0.1794, 0.8068, 0.7946, 0.7888, 0.753], "alpha_new_sessions": [0, 0.988, 0.658, 0.0, 0.0, 0.006], "alpha_all_sessions": [0, 0.31416666666666665, 0.6702857142857143, 0.497625, 0.43822222222222224, 0.3771], "alpha_ideal": 0.804, "session_classes": [[0, 1, 2, 3, 4], [6], [5], [7], [9], [8]]}