{"omega_base": 0.723943661971831, "omega_new": 0.0654, "omega_all": 0.4764712797859956}