{"alpha_base_sessions": [0.895, 0.5884, 0.3458, 0.632, 0.767, 0.5656], "alpha_new_sessions": [0, 0.995, 0.998, 0.942, 0.831, 0.962], "alpha_all_sessions": [0, 0.6561666666666667, 0.38957142857142857, 0.51275, 0.5184444444444445, 0.379], "alpha_ideal": 0.8108, "session_classes": [[0, 1, 2, 3, 4], [8], [7], [6], [9], [5]]}