{"alpha_base_sessions": [0.8184, 0.7088, 0.699, 0.749, 0.731, 0.3992], "alpha_new_sessions": [0, 0.992, 0.977, 0.999, 0.999, 0.89], "alpha_all_sessions": [0, 0.756, 0.6388571428571429, 0.593, 0.5171111111111111, 0.2886], "alpha_ideal": 0, "session_classes": [[0, 1, 2, 3, 4], [5], [8], [7], [9], [6]]}