{"omega_base": 0.5189403317652885, "omega_new": 0.7852, "omega_all": 0.47249663007895254}