{"alpha_base_sessions": [0.8266, 0.541, 0.2416, 0.813, 0.2774, 0.223], "alpha_new_sessions": [0, 0.978, 0.997, 0.0, 0.967, 0.984], "alpha_all_sessions": [0, 0.6138333333333333, 0.315, 0.508125, 0.26155555555555554, 0.2099], "alpha_ideal": 0.8078, "session_classes": [[0, 1, 2, 3, 4], [7], [9], [5], [8], [6]]}