{"omega_base": 0.8359390363815145, "omega_new": 0.33140000000000003, "omega_all": 0.6031355839615427}