{"alpha_base_sessions": [0.8142, 0.6646, 0.7818, 0.5272, 0.709, 0.718], "alpha_new_sessions": [0, 0.941, 0.704, 0.012, 0.0, 0.0], "alpha_all_sessions": [0, 0.7106666666666667, 0.659, 0.331, 0.3938888888888889, 0.359], "alpha_ideal": 0.8136, "session_classes": [[0, 1, 2, 3, 4], [9], [7], [6], [5], [8]]}