{"omega_base": 0.6738251642243559, "omega_new": 0.7851999999999999, "omega_all": 0.5660089671711704}