{"alpha_base_sessions": [0.846, 0.7624, 0.3444, 0.247, 0.6812, 0.632], "alpha_new_sessions": [0, 0.992, 0.94, 0.001, 0.996, 0.997], "alpha_all_sessions": [0, 0.8006666666666666, 0.3802857142857143, 0.1545, 0.4891111111111111, 0.4157], "alpha_ideal": 0.7916, "session_classes": [[0, 1, 2, 3, 4], [5], [6], [8], [9], [7]]}