{"omega_base": 0.79040706847586, "omega_new": 0.2326, "omega_all": 0.565322419069658}