{"alpha_base_sessions": [0.6962, 0.5704, 0.4586, 0.5258, 0.4554, 0.4946], "alpha_new_sessions": [0, 0.022, 0.644, 0.013, 0.455, 0.029], "alpha_all_sessions": [0, 0.4751666666666667, 0.41314285714285715, 0.340375, 0.30922222222222223, 0.2536], "alpha_ideal": 0.6338, "session_classes": [[0, 1, 2, 3, 4], [5], [7], [6], [9], [8]]}