{"omega_base": 0.9816983894582725, "omega_new": 0.0, "omega_all": 0.6362341870211563}