{"alpha_base_sessions": [0.8336, 0.8278, 0.8202, 0.8046, 0.7834, 0.787], "alpha_new_sessions": [0, 0.0, 0.0, 0.0, 0.0, 0.0], "alpha_all_sessions": [0, 0.6898333333333333, 0.5858571428571429, 0.502875, 0.43522222222222223, 0.3935], "alpha_ideal": 0.8196, "session_classes": [[0, 1, 2, 3, 4], [6], [7], [9], [8], [5]]}