{"alpha_base_sessions": [0.8366, 0.7626, 0.779, 0.715, 0.7858, 0.5522], "alpha_new_sessions": [0, 0.997, 0.994, 0.976, 0.998, 0.868], "alpha_all_sessions": [0, 0.8016666666666666, 0.6984285714285714, 0.568875, 0.5474444444444444, 0.3629], "alpha_ideal": 0, "session_classes": [[0, 1, 2, 3, 4], [7], [9], [8], [5], [6]]}