{"omega_base": 0.8518024691358023, "omega_new": 0.2, "omega_all": 0.5995128355869095}