{"alpha_base_sessions": [0.8154, 0.3868, 0.7246, 0.7898, 0.7768, 0.7718], "alpha_new_sessions": [0, 1.0, 0.0, 0.0, 0.0, 0.0], "alpha_all_sessions": [0, 0.489, 0.6275714285714286, 0.494, 0.4315555555555556, 0.3859], "alpha_ideal": 0.81, "session_classes": [[0, 1, 2, 3, 4], [5], [6], [9], [7], [8]]}