{"omega_base": 0.9285374239619149, "omega_new": 0.49400000000000005, "omega_all": 0.7008645986826363}