{"alpha_base_sessions": [0.8218, 0.4792, 0.7906, 0.768, 0.7816, 0.6914], "alpha_new_sessions": [0, 0.944, 0.999, 0.0, 0.527, 0.0], "alpha_all_sessions": [0, 0.5566666666666666, 0.7262857142857143, 0.52025, 0.5006666666666667, 0.3461], "alpha_ideal": 0.7562, "session_classes": [[0, 1, 2, 3, 4], [5], [7], [8], [9], [6]]}