{"omega_base": 1.0510108864696734, "omega_new": 0.0, "omega_all": 0.6798088079192279}