{"alpha_base_sessions": [0.819, 0.8184, 0.8208, 0.8172, 0.8004, 0.798], "alpha_new_sessions": [0, 0.0, 0.0, 0.0, 0.0, 0.0], "alpha_all_sessions": [0, 0.682, 0.5862857142857143, 0.51075, 0.44466666666666665, 0.399], "alpha_ideal": 0.7716, "session_classes": [[0, 1, 2, 3, 4], [9], [6], [7], [5], [8]]}