{"omega_base": 0.9757165425411871, "omega_new": 0.24559999999999998, "omega_all": 0.6612962246509979}