{"alpha_base_sessions": [0.9382, 0.6282, 0.9032, 0.9286, 0.9306, 0.9328], "alpha_new_sessions": [0, 0.939, 0.289, 0.0, 0.0, 0.0], "alpha_all_sessions": [0, 0.68, 0.6864285714285714, 0.580375, 0.517, 0.4664], "alpha_ideal": 0.8862, "session_classes": [[0, 1, 2, 3, 4], [5], [9], [7], [8], [6]]}