{"omega_base": 0.8328402366863905, "omega_new": 0.3766, "omega_all": 0.5873652789518173}