{"alpha_base_sessions": [0.841, 0.2714, 0.7912, 0.7824, 0.7644, 0.7686], "alpha_new_sessions": [0, 0.987, 0.891, 0.005, 0.0, 0.0], "alpha_all_sessions": [0, 0.39066666666666666, 0.6924285714285714, 0.489625, 0.42533333333333334, 0.3843], "alpha_ideal": 0.8112, "session_classes": [[0, 1, 2, 3, 4], [8], [9], [6], [7], [5]]}