{"alpha_base_sessions": [0.8312, 0.7204, 0.4224, 0.7088, 0.6924, 0.768], "alpha_new_sessions": [0, 0.991, 0.85, 0.997, 0.973, 1.0], "alpha_all_sessions": [0, 0.7655, 0.42314285714285715, 0.567625, 0.49277777777777776, 0.484], "alpha_ideal": 0, "session_classes": [[0, 1, 2, 3, 4], [5], [6], [9], [8], [7]]}