{"omega_base": 0.7420418848167539, "omega_new": 0.7769999999999999, "omega_all": 0.6122837197706307}