{"alpha_base_sessions": [0.8398, 0.6224, 0.6532, 0.7328, 0.2986, 0.5276], "alpha_new_sessions": [0, 0.0, 0.989, 0.972, 0.973, 0.951], "alpha_all_sessions": [0, 0.5186666666666667, 0.6078571428571429, 0.5795, 0.274, 0.3589], "alpha_ideal": 0.764, "session_classes": [[0, 1, 2, 3, 4], [7], [9], [5], [6], [8]]}