{"omega_base": 0.9637374860956619, "omega_new": 0.26399999999999996, "omega_all": 0.6596531419390153}