{"alpha_base_sessions": [0.826, 0.387, 0.7562, 0.7904, 0.7536, 0.7784], "alpha_new_sessions": [0, 0.975, 0.0, 0.345, 0.0, 0.0], "alpha_all_sessions": [0, 0.485, 0.5408571428571428, 0.5375, 0.41955555555555557, 0.3892], "alpha_ideal": 0.7192, "session_classes": [[0, 1, 2, 3, 4], [8], [5], [9], [6], [7]]}