{"omega_base": 1.0596002104155708, "omega_new": 0.0, "omega_all": 0.685226029742074}