{"alpha_base_sessions": [0.8226, 0.8198, 0.802, 0.8044, 0.8146, 0.7878], "alpha_new_sessions": [0, 0.0, 0.0, 0.0, 0.0, 0.0], "alpha_all_sessions": [0, 0.6831666666666667, 0.5728571428571428, 0.50275, 0.45255555555555554, 0.3939], "alpha_ideal": 0.7604, "session_classes": [[0, 1, 2, 3, 4], [6], [7], [9], [5], [8]]}