{"omega_base": 0.6884130982367758, "omega_new": 0.7714, "omega_all": 0.5695045180120747}