{"alpha_base_sessions": [0.8166, 0.4098, 0.471, 0.5644, 0.6412, 0.6466], "alpha_new_sessions": [0, 0.999, 0.993, 0.001, 0.864, 1.0], "alpha_all_sessions": [0, 0.508, 0.47828571428571426, 0.399125, 0.45222222222222225, 0.4233], "alpha_ideal": 0.794, "session_classes": [[0, 1, 2, 3, 4], [9], [5], [6], [8], [7]]}