{"alpha_base_sessions": [0.9412, 0.8312, 0.8116, 0.8176, 0.7944, 0.8104], "alpha_new_sessions": [0, 0.954, 0.928, 0.952, 0.95, 0.97], "alpha_all_sessions": [0, 0.8516666666666667, 0.7122857142857143, 0.6305, 0.5468888888888889, 0.5023], "alpha_ideal": 0, "session_classes": [[0, 1, 2, 3, 4], [8], [5], [6], [7], [9]]}