{"omega_base": 1.0431211498973307, "omega_new": 0.1716, "omega_all": 0.729811609791076}