{"alpha_base_sessions": [0.9408, 0.789, 0.8162, 0.8288, 0.811, 0.8186], "alpha_new_sessions": [0, 0.939, 0.961, 0.963, 0.942, 0.951], "alpha_all_sessions": [0, 0.814, 0.7207142857142858, 0.6385, 0.5562222222222222, 0.5045], "alpha_ideal": 0, "session_classes": [[0, 1, 2, 3, 4], [5], [9], [8], [7], [6]]}