{"omega_base": 0.8362717858044961, "omega_new": 0.5496, "omega_all": 0.6167414410405065}