{"alpha_base_sessions": [0.8116, 0.4386, 0.6462, 0.7264, 0.7222, 0.7774], "alpha_new_sessions": [0, 0.999, 0.639, 0.005, 0.117, 0.988], "alpha_all_sessions": [0, 0.532, 0.5528571428571428, 0.455, 0.4142222222222222, 0.4876], "alpha_ideal": 0.7918, "session_classes": [[0, 1, 2, 3, 4], [9], [8], [6], [5], [7]]}