{"omega_base": 0.800635386119257, "omega_new": 0.20319999999999996, "omega_all": 0.5366053972908811}