{"alpha_base_sessions": [0.82, 0.2652, 0.7736, 0.7028, 0.7774, 0.7572], "alpha_new_sessions": [0, 0.999, 0.016, 0.0, 0.001, 0.0], "alpha_all_sessions": [0, 0.3875, 0.5577142857142857, 0.439875, 0.432, 0.3787], "alpha_ideal": 0.8184, "session_classes": [[0, 1, 2, 3, 4], [7], [5], [6], [9], [8]]}