{"omega_base": 0.6130253448829002, "omega_new": 0.6592, "omega_all": 0.5486370187043912}