{"alpha_base_sessions": [0.728, 0.4954, 0.202, 0.5294, 0.2792, 0.4048], "alpha_new_sessions": [0, 0.805, 0.914, 0.037, 0.792, 0.748], "alpha_all_sessions": [0, 0.5368333333333334, 0.28285714285714286, 0.347, 0.26311111111111113, 0.2803], "alpha_ideal": 0.6234, "session_classes": [[0, 1, 2, 3, 4], [7], [5], [9], [6], [8]]}