{"omega_base": 0.8218190614417029, "omega_new": 0.5244, "omega_all": 0.6087822816596402}