{"alpha_base_sessions": [0.8364, 0.3246, 0.7914, 0.8028, 0.7266, 0.752], "alpha_new_sessions": [0, 0.983, 0.885, 0.751, 0.0, 0.003], "alpha_all_sessions": [0, 0.43433333333333335, 0.6917142857142857, 0.595625, 0.4103333333333333, 0.3847], "alpha_ideal": 0.8268, "session_classes": [[0, 1, 2, 3, 4], [8], [9], [7], [6], [5]]}