{"omega_base": 0.924766125061546, "omega_new": 0.3178, "omega_all": 0.6690502567348947}