{"alpha_base_sessions": [0.8264, 0.7174, 0.8022, 0.7708, 0.7866, 0.6794], "alpha_new_sessions": [0, 0.685, 0.902, 0.002, 0.0, 0.0], "alpha_all_sessions": [0, 0.712, 0.7018571428571428, 0.527125, 0.437, 0.3397], "alpha_ideal": 0.8124, "session_classes": [[0, 1, 2, 3, 4], [5], [7], [8], [9], [6]]}