{"omega_base": 0.842983565107459, "omega_new": 0.368, "omega_all": 0.6102261553588987}