{"alpha_base_sessions": [0.8114, 0.8002, 0.7644, 0.7732, 0.7348, 0.4426], "alpha_new_sessions": [0, 1.0, 0.972, 0.994, 0.996, 0.852], "alpha_all_sessions": [0, 0.8335, 0.6848571428571428, 0.6075, 0.5188888888888888, 0.3065], "alpha_ideal": 0, "session_classes": [[0, 1, 2, 3, 4], [7], [8], [5], [9], [6]]}