{"omega_base": 0.8218287654620422, "omega_new": 0.21159999999999995, "omega_all": 0.5854441210553265}