{"alpha_base_sessions": [0.823, 0.386, 0.7696, 0.7886, 0.7844, 0.6598], "alpha_new_sessions": [0, 1.0, 0.003, 0.011, 0.044, 0.0], "alpha_all_sessions": [0, 0.48833333333333334, 0.657, 0.495375, 0.44077777777777777, 0.3323], "alpha_ideal": 0.8246, "session_classes": [[0, 1, 2, 3, 4], [9], [8], [5], [7], [6]]}