{"omega_base": 0.9285983658076681, "omega_new": 0.0, "omega_all": 0.6019000728303053}