{"omega_base": 1.0350900600400266, "omega_new": 0.0, "omega_all": 0.6832054703135423}