{"alpha_base_sessions": [0.4264, 0.4058, 0.273, 0.321, 0.2598, 0.292], "alpha_new_sessions": [0, 0.0, 0.0, 0.0, 0.0, 0.0], "alpha_all_sessions": [0, 0.33816666666666667, 0.195, 0.200625, 0.14433333333333334, 0.146], "alpha_ideal": 0.2998, "session_classes": [[0, 1, 2, 3, 4], [6], [8], [5], [7], [9]]}