{"alpha_base_sessions": [0.8322, 0.7586, 0.4654, 0.7388, 0.7818, 0.7964], "alpha_new_sessions": [0, 0.996, 0.821, 0.972, 0.999, 0.998], "alpha_all_sessions": [0, 0.7981666666666667, 0.44971428571428573, 0.58325, 0.5453333333333333, 0.498], "alpha_ideal": 0, "session_classes": [[0, 1, 2, 3, 4], [9], [6], [8], [5], [7]]}