{"alpha_base_sessions": [0.442, 0.092, 0.0982, 0.1454, 0.1458, 0.1536], "alpha_new_sessions": [0, 0.948, 0.934, 0.933, 0.927, 0.922], "alpha_all_sessions": [0, 0.23466666666666666, 0.20357142857142857, 0.2075, 0.184, 0.169], "alpha_ideal": 0, "session_classes": [[0, 1, 2, 3, 4], [6], [8], [5], [7], [9]]}