{"omega_base": 0.4414603174603175, "omega_new": 0.5479999999999999, "omega_all": 0.40372688334593104}