{"alpha_base_sessions": [0.6964, 0.167, 0.4818, 0.1236, 0.2954, 0.3228], "alpha_new_sessions": [0, 0.825, 0.203, 0.844, 0.61, 0.258], "alpha_all_sessions": [0, 0.2801666666666667, 0.37942857142857145, 0.185, 0.23544444444444446, 0.1917], "alpha_ideal": 0.63, "session_classes": [[0, 1, 2, 3, 4], [7], [8], [6], [9], [5]]}