{"omega_base": 0.9135391923990499, "omega_new": 0.0, "omega_all": 0.5958493571617087}