{"alpha_base_sessions": [0.8246, 0.8194, 0.8014, 0.7886, 0.7486, 0.688], "alpha_new_sessions": [0, 0.0, 0.0, 0.0, 0.0, 0.0], "alpha_all_sessions": [0, 0.6828333333333333, 0.5724285714285714, 0.492875, 0.41588888888888886, 0.3445], "alpha_ideal": 0.842, "session_classes": [[0, 1, 2, 3, 4], [5], [7], [8], [6], [9]]}