{"omega_base": 0.8141440501043841, "omega_new": 0.9682000000000001, "omega_all": 0.6922317700566657}