{"alpha_base_sessions": [0.839, 0.6624, 0.7318, 0.379, 0.7474, 0.5992], "alpha_new_sessions": [0, 0.983, 0.995, 0.916, 0.994, 0.953], "alpha_all_sessions": [0, 0.7158333333333333, 0.6648571428571428, 0.351375, 0.5256666666666666, 0.3949], "alpha_ideal": 0.7664, "session_classes": [[0, 1, 2, 3, 4], [5], [9], [6], [7], [8]]}