{"omega_base": 0.9991232118135673, "omega_new": 0.33340000000000003, "omega_all": 0.6936292768145561}