{"alpha_base_sessions": [0.5856, 0.2462, 0.0842, 0.2578, 0.2166, 0.1672], "alpha_new_sessions": [0, 0.887, 0.977, 0.793, 0.837, 0.887], "alpha_all_sessions": [0, 0.353, 0.1997142857142857, 0.26225, 0.21344444444444444, 0.1727], "alpha_ideal": 0.4182, "session_classes": [[0, 1, 2, 3, 4], [6], [5], [9], [7], [8]]}