{"omega_base": 0.8909331568497684, "omega_new": 0.9119999999999999, "omega_all": 0.7897621148613869}