{"alpha_base_sessions": [0.7156, 0.6936, 0.5248, 0.64, 0.2168, 0.6172], "alpha_new_sessions": [0, 0.991, 0.828, 0.957, 0.809, 0.975], "alpha_all_sessions": [0, 0.7465, 0.488, 0.52075, 0.22211111111111112, 0.4093], "alpha_ideal": 0.6044, "session_classes": [[0, 1, 2, 3, 4], [7], [8], [9], [6], [5]]}