{"alpha_base_sessions": [0.8104, 0.7586, 0.8024, 0.7646, 0.7812, 0.5192], "alpha_new_sessions": [0, 0.973, 0.999, 0.999, 1.0, 0.82], "alpha_all_sessions": [0, 0.7943333333333333, 0.7158571428571429, 0.60275, 0.5451111111111111, 0.3416], "alpha_ideal": 0, "session_classes": [[0, 1, 2, 3, 4], [8], [5], [9], [7], [6]]}