{"omega_base": 0.8983721512647134, "omega_new": 0.1986, "omega_all": 0.628771282283679}