{"alpha_base_sessions": [0.8286, 0.5956, 0.763, 0.7056, 0.7562, 0.7668], "alpha_new_sessions": [0, 0.993, 0.0, 0.0, 0.0, 0.0], "alpha_all_sessions": [0, 0.6618333333333334, 0.5667142857142857, 0.478625, 0.4201111111111111, 0.3834], "alpha_ideal": 0.7986, "session_classes": [[0, 1, 2, 3, 4], [9], [7], [6], [8], [5]]}