{"alpha_base_sessions": [0.5892, 0.4014, 0.3746, 0.3918, 0.3978, 0.4046], "alpha_new_sessions": [0, 0.871, 0.876, 0.894, 0.892, 0.871], "alpha_all_sessions": [0, 0.4796666666666667, 0.39271428571428574, 0.356625, 0.3201111111111111, 0.2894], "alpha_ideal": 0, "session_classes": [[0, 1, 2, 3, 4], [5], [7], [8], [9], [6]]}