{"omega_base": 0.860761999010391, "omega_new": 0.5900000000000001, "omega_all": 0.6675980576957817}