{"alpha_base_sessions": [0.8158, 0.4182, 0.7658, 0.7554, 0.7572, 0.7826], "alpha_new_sessions": [0, 0.989, 0.962, 0.999, 0.0, 0.0], "alpha_all_sessions": [0, 0.5133333333333333, 0.6844285714285714, 0.598125, 0.5104444444444445, 0.3921], "alpha_ideal": 0.8084, "session_classes": [[0, 1, 2, 3, 4], [9], [5], [7], [6], [8]]}