{"omega_base": 0.8898257839721255, "omega_new": 0.8869999999999999, "omega_all": 0.7675793650793652}