{"alpha_base_sessions": [0.7154, 0.6062, 0.2244, 0.5164, 0.5692, 0.6376], "alpha_new_sessions": [0, 0.992, 0.892, 0.618, 0.985, 0.948], "alpha_all_sessions": [0, 0.672, 0.29, 0.395875, 0.42977777777777776, 0.4153], "alpha_ideal": 0.574, "session_classes": [[0, 1, 2, 3, 4], [9], [6], [8], [7], [5]]}