{"omega_base": 0.6987493746873437, "omega_new": 0.9777999999999999, "omega_all": 0.6017523642773769}