{"alpha_base_sessions": [0.8254, 0.6512, 0.2334, 0.6384, 0.5544, 0.7162], "alpha_new_sessions": [0, 0.985, 0.966, 0.989, 0.957, 0.992], "alpha_all_sessions": [0, 0.7068333333333333, 0.3047142857142857, 0.522625, 0.41433333333333333, 0.4573], "alpha_ideal": 0.7996, "session_classes": [[0, 1, 2, 3, 4], [9], [6], [5], [8], [7]]}