{"alpha_base_sessions": [0.8228, 0.81, 0.7476, 0.7954, 0.7816, 0.5138], "alpha_new_sessions": [0, 0.997, 0.973, 1.0, 0.998, 0.859], "alpha_all_sessions": [0, 0.8411666666666666, 0.673, 0.622125, 0.5451111111111111, 0.3428], "alpha_ideal": 0, "session_classes": [[0, 1, 2, 3, 4], [5], [8], [7], [9], [6]]}