{"omega_base": 0.48350740830701966, "omega_new": 0.982, "omega_all": 0.4802262974657922}