{"alpha_base_sessions": [0.805, 0.489, 0.5736, 0.3496, 0.308, 0.2704], "alpha_new_sessions": [0, 0.989, 0.996, 0.977, 0.992, 0.956], "alpha_all_sessions": [0, 0.5723333333333334, 0.552, 0.340625, 0.2813333333333333, 0.2308], "alpha_ideal": 0.8234, "session_classes": [[0, 1, 2, 3, 4], [9], [7], [5], [8], [6]]}