{"alpha_base_sessions": [0.8568, 0.4822, 0.5036, 0.773, 0.8064, 0.7776], "alpha_new_sessions": [0, 0.991, 0.458, 0.053, 0.359, 0.0], "alpha_all_sessions": [0, 0.567, 0.5141428571428571, 0.501625, 0.4955555555555556, 0.3926], "alpha_ideal": 0.7646, "session_classes": [[0, 1, 2, 3, 4], [5], [6], [9], [7], [8]]}