{"alpha_base_sessions": [0.8238, 0.3578, 0.7868, 0.7688, 0.7712, 0.547], "alpha_new_sessions": [0, 0.99, 0.679, 0.379, 1.0, 0.588], "alpha_all_sessions": [0, 0.46316666666666667, 0.6592857142857143, 0.528, 0.5395555555555556, 0.4322], "alpha_ideal": 0.778, "session_classes": [[0, 1, 2, 3, 4], [8], [9], [5], [7], [6]]}