{"omega_base": 0.9957756075403131, "omega_new": 0.2584, "omega_all": 0.6803598917044296}