{"alpha_base_sessions": [0.9422, 0.7318, 0.8888, 0.9156, 0.9208, 0.9274], "alpha_new_sessions": [0, 0.81, 0.458, 0.024, 0.0, 0.0], "alpha_all_sessions": [0, 0.7448333333333333, 0.7002857142857143, 0.57525, 0.5115555555555555, 0.4637], "alpha_ideal": 0.8806, "session_classes": [[0, 1, 2, 3, 4], [9], [7], [8], [5], [6]]}