{"alpha_base_sessions": [0.8196, 0.7824, 0.7292, 0.7832, 0.4732, 0.7778], "alpha_new_sessions": [0, 1.0, 0.962, 0.994, 0.884, 0.998], "alpha_all_sessions": [0, 0.8186666666666667, 0.6582857142857143, 0.61375, 0.3611111111111111, 0.4887], "alpha_ideal": 0, "session_classes": [[0, 1, 2, 3, 4], [7], [8], [5], [6], [9]]}