{"omega_base": 0.8775951150775012, "omega_new": 0.4016, "omega_all": 0.6347859677768086}