{"alpha_base_sessions": [0.8008, 0.7784, 0.7828, 0.7542, 0.6632, 0.7582], "alpha_new_sessions": [0, 0.994, 0.012, 0.018, 0.0, 0.984], "alpha_all_sessions": [0, 0.8143333333333334, 0.5685714285714286, 0.473625, 0.3688888888888889, 0.4775], "alpha_ideal": 0.8516, "session_classes": [[0, 1, 2, 3, 4], [7], [8], [5], [6], [9]]}