{"omega_base": 0.8743918388699975, "omega_new": 0.3722, "omega_all": 0.6463309999211124}