{"alpha_base_sessions": [0.9418, 0.6824, 0.8742, 0.9142, 0.9312, 0.9282], "alpha_new_sessions": [0, 0.93, 0.737, 0.0, 0.0, 0.0], "alpha_all_sessions": [0, 0.7236666666666667, 0.7297142857142858, 0.571375, 0.5173333333333333, 0.4641], "alpha_ideal": 0.8668, "session_classes": [[0, 1, 2, 3, 4], [8], [9], [5], [7], [6]]}