{"omega_base": 0.9950248756218905, "omega_new": 0.0, "omega_all": 0.6464177130221905}