{"alpha_base_sessions": [0.8306, 0.833, 0.824, 0.8076, 0.7814, 0.754], "alpha_new_sessions": [0, 0.0, 0.0, 0.0, 0.0, 0.0], "alpha_all_sessions": [0, 0.6941666666666667, 0.5885714285714285, 0.50475, 0.4341111111111111, 0.377], "alpha_ideal": 0.804, "session_classes": [[0, 1, 2, 3, 4], [6], [8], [7], [5], [9]]}