{"omega_base": 0.5130253353204173, "omega_new": 0.2072, "omega_all": 0.3629569701700849}