{"alpha_base_sessions": [0.6752, 0.2586, 0.3764, 0.2492, 0.3012, 0.5358], "alpha_new_sessions": [0, 0.097, 0.054, 0.133, 0.715, 0.037], "alpha_all_sessions": [0, 0.23016666666666666, 0.27414285714285713, 0.1855, 0.2521111111111111, 0.2758], "alpha_ideal": 0.671, "session_classes": [[0, 1, 2, 3, 4], [9], [8], [5], [7], [6]]}