{"alpha_base_sessions": [0.783, 0.7446, 0.7016, 0.7536, 0.4092, 0.725], "alpha_new_sessions": [0, 0.995, 0.955, 1.0, 0.877, 0.998], "alpha_all_sessions": [0, 0.7863333333333333, 0.6375714285714286, 0.596, 0.3247777777777778, 0.4623], "alpha_ideal": 0, "session_classes": [[0, 1, 2, 3, 4], [9], [8], [7], [6], [5]]}