{"omega_base": 0.8638, "omega_new": 0.37379999999999997, "omega_all": 0.6486133928571428}