{"alpha_base_sessions": [0.8448, 0.4532, 0.7608, 0.7228, 0.7486, 0.7698], "alpha_new_sessions": [0, 0.999, 0.604, 0.003, 0.263, 0.0], "alpha_all_sessions": [0, 0.5441666666666667, 0.7134285714285714, 0.503625, 0.4483333333333333, 0.3849], "alpha_ideal": 0.8, "session_classes": [[0, 1, 2, 3, 4], [5], [8], [6], [7], [9]]}