{"omega_base": 0.7312350119904076, "omega_new": 0.8211999999999999, "omega_all": 0.6414849073122453}