{"alpha_base_sessions": [0.7246, 0.6596, 0.3854, 0.4154, 0.4992, 0.4798], "alpha_new_sessions": [0, 0.977, 0.686, 0.661, 0.982, 0.8], "alpha_all_sessions": [0, 0.7151666666666666, 0.37157142857142855, 0.3485, 0.38255555555555554, 0.3222], "alpha_ideal": 0.6672, "session_classes": [[0, 1, 2, 3, 4], [7], [6], [8], [5], [9]]}