{"omega_base": 1.0212612612612613, "omega_new": 0.0, "omega_all": 0.66496996996997}