{"alpha_base_sessions": [0.8306, 0.8328, 0.8302, 0.8094, 0.7728, 0.7224], "alpha_new_sessions": [0, 0.0, 0.0, 0.0, 0.0, 0.0], "alpha_all_sessions": [0, 0.694, 0.593, 0.505875, 0.42933333333333334, 0.3612], "alpha_ideal": 0.777, "session_classes": [[0, 1, 2, 3, 4], [8], [7], [9], [5], [6]]}