{"alpha_base_sessions": [0.8934, 0.6556, 0.6466, 0.67, 0.6086, 0.5944], "alpha_new_sessions": [0, 0.944, 0.935, 0.917, 0.869, 0.862], "alpha_all_sessions": [0, 0.7036666666666667, 0.5954285714285714, 0.533375, 0.43544444444444447, 0.3834], "alpha_ideal": 0, "session_classes": [[0, 1, 2, 3, 4], [8], [6], [9], [5], [7]]}