{"omega_base": 0.9565239168544952, "omega_new": 0.0, "omega_all": 0.623711435488295}