{"alpha_base_sessions": [0.8126, 0.816, 0.7918, 0.7822, 0.744, 0.6854], "alpha_new_sessions": [0, 0.0, 0.0, 0.0, 0.0, 0.0], "alpha_all_sessions": [0, 0.68, 0.5655714285714286, 0.488875, 0.41333333333333333, 0.3427], "alpha_ideal": 0.7986, "session_classes": [[0, 1, 2, 3, 4], [9], [7], [5], [6], [8]]}