{"alpha_base_sessions": [0.8266, 0.7682, 0.5288, 0.7684, 0.8, 0.814], "alpha_new_sessions": [0, 0.969, 0.823, 1.0, 0.998, 0.998], "alpha_all_sessions": [0, 0.8016666666666666, 0.49842857142857144, 0.60525, 0.5553333333333333, 0.5068], "alpha_ideal": 0, "session_classes": [[0, 1, 2, 3, 4], [8], [6], [7], [9], [5]]}