{"omega_base": 0.8018513476722027, "omega_new": 0.7878000000000001, "omega_all": 0.6567917320299569}