{"alpha_base_sessions": [0.8144, 0.5976, 0.6704, 0.6822, 0.3054, 0.6896], "alpha_new_sessions": [0, 0.977, 0.0, 0.995, 0.971, 0.996], "alpha_all_sessions": [0, 0.6608333333333334, 0.47885714285714287, 0.55075, 0.27755555555555556, 0.4444], "alpha_ideal": 0.7346, "session_classes": [[0, 1, 2, 3, 4], [5], [8], [7], [6], [9]]}