{"alpha_base_sessions": [0.9408, 0.823, 0.8064, 0.841, 0.816, 0.82], "alpha_new_sessions": [0, 0.948, 0.921, 0.955, 0.947, 0.966], "alpha_all_sessions": [0, 0.8438333333333333, 0.7075714285714285, 0.645, 0.5585555555555556, 0.5066], "alpha_ideal": 0, "session_classes": [[0, 1, 2, 3, 4], [6], [5], [8], [7], [9]]}