{"omega_base": 0.8586497890295359, "omega_new": 0.293, "omega_all": 0.5951437026990826}