{"alpha_base_sessions": [0.8252, 0.614, 0.285, 0.793, 0.7782, 0.7858], "alpha_new_sessions": [0, 0.479, 0.982, 0.0, 0.004, 0.0], "alpha_all_sessions": [0, 0.5915, 0.34385714285714286, 0.49575, 0.43277777777777776, 0.3929], "alpha_ideal": 0.7584, "session_classes": [[0, 1, 2, 3, 4], [6], [8], [7], [5], [9]]}