{"alpha_base_sessions": [0.8268, 0.3422, 0.7506, 0.798, 0.795, 0.7942], "alpha_new_sessions": [0, 0.998, 0.001, 0.0, 0.002, 0.0], "alpha_all_sessions": [0, 0.4515, 0.5544285714285714, 0.49875, 0.4418888888888889, 0.3971], "alpha_ideal": 0.7726, "session_classes": [[0, 1, 2, 3, 4], [9], [6], [5], [7], [8]]}