{"omega_base": 0.8785618459887309, "omega_new": 0.27440000000000003, "omega_all": 0.6233268810609837}