{"alpha_base_sessions": [0.8316, 0.2928, 0.6434, 0.7768, 0.7814, 0.78], "alpha_new_sessions": [0, 0.997, 0.319, 0.036, 0.002, 0.018], "alpha_all_sessions": [0, 0.4101666666666667, 0.5887142857142857, 0.498125, 0.43433333333333335, 0.3918], "alpha_ideal": 0.7454, "session_classes": [[0, 1, 2, 3, 4], [5], [6], [7], [8], [9]]}