{"omega_base": 0.8536343339121805, "omega_new": 0.5826, "omega_all": 0.6602350631809822}