{"alpha_base_sessions": [0.836, 0.6126, 0.726, 0.6242, 0.7114, 0.7668], "alpha_new_sessions": [0, 1.0, 0.994, 0.919, 0.0, 0.0], "alpha_all_sessions": [0, 0.6771666666666667, 0.6605714285714286, 0.508625, 0.43144444444444446, 0.3836], "alpha_ideal": 0.8062, "session_classes": [[0, 1, 2, 3, 4], [7], [5], [8], [6], [9]]}