{"alpha_base_sessions": [0.9402, 0.8222, 0.8224, 0.7988, 0.8292, 0.8206], "alpha_new_sessions": [0, 0.966, 0.943, 0.923, 0.961, 0.953], "alpha_all_sessions": [0, 0.8461666666666666, 0.7221428571428572, 0.614625, 0.5676666666666667, 0.5057], "alpha_ideal": 0, "session_classes": [[0, 1, 2, 3, 4], [9], [7], [5], [8], [6]]}