{"omega_base": 0.9085286783042396, "omega_new": 0.199, "omega_all": 0.6324310256105767}