{"alpha_base_sessions": [0.8206, 0.673, 0.7252, 0.7676, 0.7774, 0.7], "alpha_new_sessions": [0, 0.986, 0.0, 0.0, 0.009, 0.0], "alpha_all_sessions": [0, 0.7251666666666666, 0.5481428571428572, 0.47975, 0.4328888888888889, 0.3501], "alpha_ideal": 0.802, "session_classes": [[0, 1, 2, 3, 4], [5], [8], [9], [7], [6]]}