{"omega_base": 0.5357627118644068, "omega_new": 0.2984, "omega_all": 0.4084620213433772}