{"alpha_base_sessions": [0.679, 0.3218, 0.5162, 0.186, 0.3806, 0.492], "alpha_new_sessions": [0, 0.611, 0.002, 0.502, 0.337, 0.04], "alpha_all_sessions": [0, 0.36766666666666664, 0.371, 0.184, 0.2658888888888889, 0.2574], "alpha_ideal": 0.708, "session_classes": [[0, 1, 2, 3, 4], [8], [9], [5], [7], [6]]}