{"omega_base": 0.65, "omega_new": 0.7889999999999999, "omega_all": 0.5647495234970629}