{"alpha_base_sessions": [0.839, 0.6158, 0.6508, 0.5356, 0.6548, 0.1846], "alpha_new_sessions": [0, 0.965, 0.993, 0.996, 0.0, 0.991], "alpha_all_sessions": [0, 0.674, 0.6067142857142858, 0.45925, 0.36377777777777776, 0.1914], "alpha_ideal": 0.8128, "session_classes": [[0, 1, 2, 3, 4], [8], [7], [5], [9], [6]]}