{"alpha_base_sessions": [0.7948, 0.708, 0.6162, 0.396, 0.716, 0.7384], "alpha_new_sessions": [0, 1.0, 0.954, 0.873, 0.998, 0.999], "alpha_all_sessions": [0, 0.7566666666666667, 0.5764285714285714, 0.356625, 0.5086666666666667, 0.4691], "alpha_ideal": 0, "session_classes": [[0, 1, 2, 3, 4], [7], [8], [6], [9], [5]]}