{"omega_base": 0.9160846291103748, "omega_new": 0.21139999999999998, "omega_all": 0.6200293143002804}