{"alpha_base_sessions": [0.8394, 0.4394, 0.813, 0.7952, 0.7654, 0.7808], "alpha_new_sessions": [0, 0.9, 0.156, 0.0, 0.0, 0.001], "alpha_all_sessions": [0, 0.5161666666666667, 0.603, 0.497375, 0.42533333333333334, 0.3905], "alpha_ideal": 0.7846, "session_classes": [[0, 1, 2, 3, 4], [8], [9], [5], [6], [7]]}