{"omega_base": 0.29012833168805524, "omega_new": 0.8827999999999999, "omega_all": 0.3371942524953384}