{"omega_base": 0.9040218878248973, "omega_new": 0.3788, "omega_all": 0.6524855058302391}