{"alpha_base_sessions": [0.81, 0.3266, 0.7758, 0.7518, 0.7302, 0.7198], "alpha_new_sessions": [0, 0.998, 0.896, 0.0, 0.0, 0.0], "alpha_all_sessions": [0, 0.4385, 0.6841428571428572, 0.496625, 0.4056666666666667, 0.3599], "alpha_ideal": 0.731, "session_classes": [[0, 1, 2, 3, 4], [9], [7], [8], [5], [6]]}