{"omega_base": 0.5562945368171022, "omega_new": 0.788, "omega_all": 0.4682902575123478}