{"alpha_base_sessions": [0.8444, 0.232, 0.4832, 0.5108, 0.5434, 0.5726], "alpha_new_sessions": [0, 0.977, 0.969, 0.997, 0.0, 0.997], "alpha_all_sessions": [0, 0.3561666666666667, 0.4835714285714286, 0.443875, 0.3018888888888889, 0.386], "alpha_ideal": 0.842, "session_classes": [[0, 1, 2, 3, 4], [6], [8], [5], [9], [7]]}