{"omega_base": 0.9611947547353082, "omega_new": 0.0, "omega_all": 0.6237200983679857}