{"alpha_base_sessions": [0.8312, 0.8202, 0.8132, 0.7928, 0.7672, 0.7648], "alpha_new_sessions": [0, 0.0, 0.0, 0.0, 0.0, 0.0], "alpha_all_sessions": [0, 0.6835, 0.5808571428571428, 0.4955, 0.4262222222222222, 0.3824], "alpha_ideal": 0.8236, "session_classes": [[0, 1, 2, 3, 4], [5], [7], [6], [9], [8]]}