{"omega_base": 0.7403303684879289, "omega_new": 0.7266000000000001, "omega_all": 0.6027232205885319}