{"alpha_base_sessions": [0.8202, 0.577, 0.6104, 0.7288, 0.615, 0.382], "alpha_new_sessions": [0, 0.773, 0.956, 0.0, 0.982, 0.922], "alpha_all_sessions": [0, 0.6096666666666667, 0.5725714285714286, 0.4555, 0.4507777777777778, 0.2832], "alpha_ideal": 0.787, "session_classes": [[0, 1, 2, 3, 4], [9], [8], [7], [5], [6]]}