{"omega_base": 0.6521384928716905, "omega_new": 0.7908, "omega_all": 0.5828632649597517}