{"alpha_base_sessions": [0.8274, 0.774, 0.6646, 0.6796, 0.1284, 0.315], "alpha_new_sessions": [0, 0.998, 0.992, 0.031, 0.987, 0.946], "alpha_all_sessions": [0, 0.8113333333333334, 0.6164285714285714, 0.428625, 0.181, 0.2521], "alpha_ideal": 0.7856, "session_classes": [[0, 1, 2, 3, 4], [7], [5], [9], [6], [8]]}