{"alpha_base_sessions": [0.836, 0.4888, 0.797, 0.801, 0.7612, 0.7898], "alpha_new_sessions": [0, 0.999, 0.001, 0.003, 0.0, 0.0], "alpha_all_sessions": [0, 0.5738333333333333, 0.5754285714285714, 0.5095, 0.42288888888888887, 0.3949], "alpha_ideal": 0.7868, "session_classes": [[0, 1, 2, 3, 4], [9], [5], [6], [8], [7]]}