{"omega_base": 0.6898324022346368, "omega_new": 0.23620000000000002, "omega_all": 0.5720085129023676}