{"omega_base": 0.8881265206812653, "omega_new": 0.20059999999999997, "omega_all": 0.618863785579114}