{"alpha_base_sessions": [0.8414, 0.538, 0.7806, 0.7832, 0.7658, 0.7826], "alpha_new_sessions": [0, 1.0, 0.003, 0.0, 0.0, 0.0], "alpha_all_sessions": [0, 0.615, 0.6222857142857143, 0.4895, 0.42544444444444446, 0.3913], "alpha_ideal": 0.822, "session_classes": [[0, 1, 2, 3, 4], [7], [6], [5], [8], [9]]}