{"omega_base": 0.6768257316108621, "omega_new": 0.7857999999999999, "omega_all": 0.5929554860875714}