{"alpha_base_sessions": [0.852, 0.6938, 0.4348, 0.4338, 0.8282, 0.1766], "alpha_new_sessions": [0, 0.982, 0.985, 0.989, 0.0, 0.973], "alpha_all_sessions": [0, 0.7418333333333333, 0.4512857142857143, 0.39475, 0.46011111111111114, 0.2011], "alpha_ideal": 0.7586, "session_classes": [[0, 1, 2, 3, 4], [9], [5], [7], [8], [6]]}