{"omega_base": 0.521930447125621, "omega_new": 0.9904, "omega_all": 0.4951626167382022}