{"alpha_base_sessions": [0.8352, 0.7516, 0.245, 0.2572, 0.2812, 0.6712], "alpha_new_sessions": [0, 0.995, 0.975, 0.99, 0.997, 0.995], "alpha_all_sessions": [0, 0.7921666666666667, 0.3142857142857143, 0.2845, 0.267, 0.4351], "alpha_ideal": 0.8454, "session_classes": [[0, 1, 2, 3, 4], [9], [6], [8], [5], [7]]}