{"alpha_base_sessions": [0.8336, 0.385, 0.7844, 0.7634, 0.79, 0.7806], "alpha_new_sessions": [0, 0.999, 0.261, 0.0, 0.0, 0.0], "alpha_all_sessions": [0, 0.48733333333333334, 0.6358571428571429, 0.491375, 0.43933333333333335, 0.3903], "alpha_ideal": 0.787, "session_classes": [[0, 1, 2, 3, 4], [9], [5], [6], [7], [8]]}