{"alpha_base_sessions": [0.4614, 0.1584, 0.1854, 0.1078, 0.1514, 0.1382], "alpha_new_sessions": [0, 0.919, 0.875, 0.947, 0.889, 0.913], "alpha_all_sessions": [0, 0.2851666666666667, 0.25742857142857145, 0.18575, 0.18288888888888888, 0.1604], "alpha_ideal": 0, "session_classes": [[0, 1, 2, 3, 4], [9], [7], [6], [8], [5]]}