{"alpha_base_sessions": [0.8294, 0.793, 0.7252, 0.7902, 0.5016, 0.8098], "alpha_new_sessions": [0, 0.996, 0.978, 0.996, 0.836, 0.999], "alpha_all_sessions": [0, 0.8268333333333333, 0.6577142857142857, 0.618375, 0.37155555555555553, 0.5048], "alpha_ideal": 0, "session_classes": [[0, 1, 2, 3, 4], [9], [8], [5], [6], [7]]}