{"omega_base": 0.9206511175898929, "omega_new": 0.0, "omega_all": 0.5964077467721782}