{"alpha_base_sessions": [0.819, 0.7924, 0.757, 0.7384, 0.7464, 0.7552], "alpha_new_sessions": [0, 0.0, 0.0, 0.0, 0.0, 0.0], "alpha_all_sessions": [0, 0.6603333333333333, 0.5407142857142857, 0.4615, 0.4146666666666667, 0.3776], "alpha_ideal": 0.8232, "session_classes": [[0, 1, 2, 3, 4], [8], [5], [6], [9], [7]]}