{"alpha_base_sessions": [0.8092, 0.7562, 0.4918, 0.7838, 0.7564, 0.7756], "alpha_new_sessions": [0, 0.975, 0.782, 1.0, 0.997, 0.999], "alpha_all_sessions": [0, 0.7926666666666666, 0.463, 0.614875, 0.531, 0.4877], "alpha_ideal": 0, "session_classes": [[0, 1, 2, 3, 4], [8], [6], [9], [5], [7]]}