{"omega_base": 0.4648493543758967, "omega_new": 0.8762000000000001, "omega_all": 0.5744183310180441}