{"omega_base": 0.7133508478624313, "omega_new": 0.591, "omega_all": 0.5604968705100063}