{"alpha_base_sessions": [0.829, 0.835, 0.5904, 0.6768, 0.5918, 0.2928], "alpha_new_sessions": [0, 0.0, 0.0, 0.987, 0.981, 0.987], "alpha_all_sessions": [0, 0.6958333333333333, 0.4217142857142857, 0.546375, 0.43777777777777777, 0.2451], "alpha_ideal": 0.8374, "session_classes": [[0, 1, 2, 3, 4], [9], [6], [7], [5], [8]]}