{"alpha_base_sessions": [0.8428, 0.576, 0.7986, 0.7976, 0.7716, 0.7988], "alpha_new_sessions": [0, 0.992, 0.002, 0.0, 0.0, 0.0], "alpha_all_sessions": [0, 0.6453333333333333, 0.622, 0.49975, 0.42866666666666664, 0.3994], "alpha_ideal": 0.7996, "session_classes": [[0, 1, 2, 3, 4], [7], [6], [8], [5], [9]]}