{"omega_base": 0.8722583875813721, "omega_new": 0.4326, "omega_all": 0.634758387581372}