{"alpha_base_sessions": [0.8232, 0.51, 0.7782, 0.7122, 0.7332, 0.7502], "alpha_new_sessions": [0, 0.994, 0.704, 0.0, 0.465, 0.0], "alpha_all_sessions": [0, 0.5906666666666667, 0.661, 0.445125, 0.4633333333333333, 0.3751], "alpha_ideal": 0.7988, "session_classes": [[0, 1, 2, 3, 4], [5], [9], [6], [8], [7]]}