{"omega_base": 0.9255081967213116, "omega_new": 0.8337999999999999, "omega_all": 0.792056466302368}