{"alpha_base_sessions": [0.7214, 0.605, 0.652, 0.6436, 0.356, 0.5662], "alpha_new_sessions": [0, 0.967, 0.981, 0.984, 0.698, 0.539], "alpha_all_sessions": [0, 0.6631666666666667, 0.607, 0.53075, 0.27555555555555555, 0.3393], "alpha_ideal": 0.61, "session_classes": [[0, 1, 2, 3, 4], [5], [7], [9], [6], [8]]}