{"alpha_base_sessions": [0.3748, 0.2244, 0.2504, 0.2926, 0.296, 0.4272], "alpha_new_sessions": [0, 0.323, 0.0, 0.0, 0.004, 0.0], "alpha_all_sessions": [0, 0.24083333333333334, 0.17885714285714285, 0.182875, 0.1648888888888889, 0.2136], "alpha_ideal": 0.4118, "session_classes": [[0, 1, 2, 3, 4], [7], [9], [5], [8], [6]]}