{"alpha_base_sessions": [0.5946, 0.4294, 0.3792, 0.3902, 0.3898, 0.42], "alpha_new_sessions": [0, 0.812, 0.916, 0.877, 0.854, 0.865], "alpha_all_sessions": [0, 0.49316666666666664, 0.4017142857142857, 0.3535, 0.31144444444444447, 0.2965], "alpha_ideal": 0, "session_classes": [[0, 1, 2, 3, 4], [5], [8], [9], [7], [6]]}