{"omega_base": 0.45436046511627903, "omega_new": 0.9582, "omega_all": 0.4425767311123415}