{"alpha_base_sessions": [0.8286, 0.4048, 0.3492, 0.2914, 0.4802, 0.35], "alpha_new_sessions": [0, 0.913, 0.992, 0.907, 0.991, 0.988], "alpha_all_sessions": [0, 0.4895, 0.3911428571428571, 0.295625, 0.3768888888888889, 0.2738], "alpha_ideal": 0.8256, "session_classes": [[0, 1, 2, 3, 4], [8], [7], [6], [9], [5]]}