{"omega_base": 0.7189580318379161, "omega_new": 0.9833999999999999, "omega_all": 0.6233800603373686}