{"alpha_base_sessions": [0.7966, 0.6222, 0.783, 0.5676, 0.2408, 0.7672], "alpha_new_sessions": [0, 0.97, 0.997, 0.985, 0.981, 0.984], "alpha_all_sessions": [0, 0.6801666666666667, 0.7017142857142857, 0.477875, 0.2427777777777778, 0.482], "alpha_ideal": 0.8292, "session_classes": [[0, 1, 2, 3, 4], [8], [7], [9], [6], [5]]}