{"alpha_base_sessions": [0.8964, 0.6124, 0.6708, 0.6592, 0.6254, 0.6828], "alpha_new_sessions": [0, 0.865, 0.926, 0.933, 0.92, 0.925], "alpha_all_sessions": [0, 0.6545, 0.6114285714285714, 0.52875, 0.4498888888888889, 0.4339], "alpha_ideal": 0, "session_classes": [[0, 1, 2, 3, 4], [5], [6], [8], [7], [9]]}