{"omega_base": 0.36594381468703796, "omega_new": 0.9582, "omega_all": 0.38645542412792294}