{"alpha_base_sessions": [0.8336, 0.281, 0.217, 0.41, 0.2198, 0.3572], "alpha_new_sessions": [0, 0.985, 0.994, 0.963, 0.96, 0.889], "alpha_all_sessions": [0, 0.3983333333333333, 0.297, 0.376625, 0.22877777777777777, 0.2675], "alpha_ideal": 0.8116, "session_classes": [[0, 1, 2, 3, 4], [9], [6], [7], [8], [5]]}