{"omega_base": 0.7584607543323139, "omega_new": 0.7804, "omega_all": 0.6307253490930861}