{"alpha_base_sessions": [0.837, 0.7246, 0.6226, 0.6762, 0.3224, 0.6304], "alpha_new_sessions": [0, 0.996, 0.984, 0.0, 0.964, 0.958], "alpha_all_sessions": [0, 0.7698333333333334, 0.5852857142857143, 0.422625, 0.2862222222222222, 0.411], "alpha_ideal": 0.7848, "session_classes": [[0, 1, 2, 3, 4], [7], [5], [9], [6], [8]]}