{"alpha_base_sessions": [0.582, 0.413, 0.3956, 0.3508, 0.4122, 0.3982], "alpha_new_sessions": [0, 0.879, 0.893, 0.879, 0.877, 0.898], "alpha_all_sessions": [0, 0.49066666666666664, 0.41014285714285714, 0.329125, 0.3264444444444444, 0.2889], "alpha_ideal": 0, "session_classes": [[0, 1, 2, 3, 4], [8], [7], [5], [6], [9]]}