{"omega_base": 0.5950511027434103, "omega_new": 0.8573999999999999, "omega_all": 0.69349389926313}