{"omega_base": 0.8496137849079025, "omega_new": 0.8055999999999999, "omega_all": 0.7002606598194834}