{"alpha_base_sessions": [0.703, 0.6348, 0.415, 0.592, 0.6102, 0.6078], "alpha_new_sessions": [0, 0.856, 0.505, 0.957, 0.751, 0.959], "alpha_all_sessions": [0, 0.6741666666666667, 0.36828571428571427, 0.493625, 0.417, 0.404], "alpha_ideal": 0.6732, "session_classes": [[0, 1, 2, 3, 4], [8], [6], [9], [5], [7]]}