{"omega_base": 0.9541433655312659, "omega_new": 0.11940000000000002, "omega_all": 0.6405417564416039}