{"alpha_base_sessions": [0.8254, 0.7536, 0.7888, 0.6996, 0.7462, 0.7654], "alpha_new_sessions": [0, 0.336, 0.258, 0.003, 0.0, 0.0], "alpha_all_sessions": [0, 0.684, 0.6002857142857143, 0.43825, 0.41455555555555557, 0.3828], "alpha_ideal": 0.7868, "session_classes": [[0, 1, 2, 3, 4], [5], [9], [6], [8], [7]]}