{"alpha_base_sessions": [0.8284, 0.7348, 0.7176, 0.477, 0.6766, 0.713], "alpha_new_sessions": [0, 0.998, 0.995, 0.827, 0.97, 0.998], "alpha_all_sessions": [0, 0.7786666666666666, 0.6547142857142857, 0.4015, 0.4836666666666667, 0.4563], "alpha_ideal": 0, "session_classes": [[0, 1, 2, 3, 4], [7], [5], [6], [8], [9]]}