{"omega_base": 0.7753608760577403, "omega_new": 0.8482, "omega_all": 0.6347793066123081}