{"alpha_base_sessions": [0.8928, 0.6528, 0.4308, 0.6102, 0.8346, 0.587], "alpha_new_sessions": [0, 0.97, 0.995, 0.944, 0.475, 0.857], "alpha_all_sessions": [0, 0.7056666666666667, 0.44985714285714284, 0.499375, 0.5164444444444445, 0.3792], "alpha_ideal": 0.8036, "session_classes": [[0, 1, 2, 3, 4], [5], [8], [6], [9], [7]]}