{"alpha_base_sessions": [0.8938, 0.6254, 0.6428, 0.6872, 0.6216, 0.6926], "alpha_new_sessions": [0, 0.903, 0.911, 0.929, 0.878, 0.929], "alpha_all_sessions": [0, 0.6716666666666666, 0.5892857142857143, 0.545625, 0.4428888888888889, 0.4392], "alpha_ideal": 0, "session_classes": [[0, 1, 2, 3, 4], [7], [6], [9], [5], [8]]}