{"alpha_base_sessions": [0.4618, 0.1026, 0.115, 0.1338, 0.153, 0.2048], "alpha_new_sessions": [0, 0.941, 0.919, 0.916, 0.904, 0.937], "alpha_all_sessions": [0, 0.24233333333333335, 0.21342857142857144, 0.198125, 0.18544444444444444, 0.1961], "alpha_ideal": 0, "session_classes": [[0, 1, 2, 3, 4], [8], [6], [7], [5], [9]]}