{"alpha_base_sessions": [0.9404, 0.8232, 0.7922, 0.8002, 0.8206, 0.8332], "alpha_new_sessions": [0, 0.952, 0.943, 0.925, 0.948, 0.962], "alpha_all_sessions": [0, 0.8446666666666667, 0.7005714285714286, 0.616, 0.5612222222222222, 0.513], "alpha_ideal": 0, "session_classes": [[0, 1, 2, 3, 4], [9], [7], [5], [6], [8]]}