{"omega_base": 0.7232202580028667, "omega_new": 0.975, "omega_all": 0.6192703000932815}