{"alpha_base_sessions": [0.8326, 0.777, 0.2932, 0.7472, 0.5772, 0.6328], "alpha_new_sessions": [0, 0.99, 0.983, 0.987, 0.987, 0.928], "alpha_all_sessions": [0, 0.8125, 0.34985714285714287, 0.590375, 0.43033333333333335, 0.4092], "alpha_ideal": 0.8372, "session_classes": [[0, 1, 2, 3, 4], [7], [6], [5], [9], [8]]}