{"omega_base": 0.7321645970294618, "omega_new": 0.9442, "omega_all": 0.6139647369377098}