{"alpha_base_sessions": [0.8924, 0.5826, 0.4306, 0.6224, 0.705, 0.6664], "alpha_new_sessions": [0, 0.991, 0.995, 0.934, 0.941, 0.86], "alpha_all_sessions": [0, 0.6506666666666666, 0.44971428571428573, 0.50575, 0.49622222222222223, 0.4192], "alpha_ideal": 0.8214, "session_classes": [[0, 1, 2, 3, 4], [9], [5], [6], [8], [7]]}