{"omega_base": 0.875835404584369, "omega_new": 0.2612, "omega_all": 0.6041538994314472}