{"omega_base": 0.5197464651389566, "omega_new": 0.7350000000000001, "omega_all": 0.4495489037480748}