{"alpha_base_sessions": [0.834, 0.3672, 0.3548, 0.3746, 0.8008, 0.2346], "alpha_new_sessions": [0, 0.951, 0.762, 0.99, 0.0, 0.972], "alpha_all_sessions": [0, 0.4645, 0.36228571428571427, 0.357875, 0.4448888888888889, 0.2145], "alpha_ideal": 0.8204, "session_classes": [[0, 1, 2, 3, 4], [5], [7], [9], [8], [6]]}