{"omega_base": 0.8711856171039843, "omega_new": 0.36560000000000004, "omega_all": 0.6254267126351674}