{"alpha_base_sessions": [0.844, 0.5524, 0.8044, 0.7592, 0.7746, 0.6952], "alpha_new_sessions": [0, 0.999, 0.551, 0.018, 0.26, 0.0], "alpha_all_sessions": [0, 0.6268333333333334, 0.6564285714285715, 0.47775, 0.45944444444444443, 0.3538], "alpha_ideal": 0.8232, "session_classes": [[0, 1, 2, 3, 4], [9], [8], [5], [7], [6]]}