{"omega_base": 0.4683058765674945, "omega_new": 0.9686, "omega_all": 0.4556019022640611}