{"alpha_base_sessions": [0.821, 0.3032, 0.45, 0.445, 0.404, 0.3024], "alpha_new_sessions": [0, 0.944, 1.0, 0.968, 0.97, 0.961], "alpha_all_sessions": [0, 0.41, 0.4642857142857143, 0.399125, 0.3322222222222222, 0.2473], "alpha_ideal": 0.8134, "session_classes": [[0, 1, 2, 3, 4], [8], [7], [9], [5], [6]]}