{"omega_base": 0.25498746867167915, "omega_new": 0.9932000000000001, "omega_all": 0.3240469228627123}