{"alpha_base_sessions": [0.818, 0.1796, 0.1894, 0.1494, 0.2988, 0.2002], "alpha_new_sessions": [0, 0.999, 0.999, 0.982, 0.986, 1.0], "alpha_all_sessions": [0, 0.31616666666666665, 0.278, 0.223125, 0.27555555555555555, 0.2001], "alpha_ideal": 0.798, "session_classes": [[0, 1, 2, 3, 4], [6], [5], [8], [9], [7]]}