{"omega_base": 0.556927787700944, "omega_new": 0.9712, "omega_all": 0.5037151119697687}