{"alpha_base_sessions": [0.8396, 0.2238, 0.442, 0.4798, 0.5012, 0.5358], "alpha_new_sessions": [0, 0.926, 0.997, 0.995, 0.962, 0.976], "alpha_all_sessions": [0, 0.3408333333333333, 0.45814285714285713, 0.42425, 0.38533333333333336, 0.3655], "alpha_ideal": 0.7838, "session_classes": [[0, 1, 2, 3, 4], [6], [7], [5], [8], [9]]}