{"omega_base": 0.41648246035559827, "omega_new": 0.9766, "omega_all": 0.41620128830003894}