{"alpha_base_sessions": [0.8158, 0.3724, 0.1932, 0.3428, 0.4506, 0.3744], "alpha_new_sessions": [0, 0.993, 0.984, 0.967, 0.984, 0.955], "alpha_all_sessions": [0, 0.47583333333333333, 0.2785714285714286, 0.335125, 0.36, 0.2827], "alpha_ideal": 0.8324, "session_classes": [[0, 1, 2, 3, 4], [7], [6], [5], [9], [8]]}