{"omega_base": 0.9329853343276163, "omega_new": 0.3742, "omega_all": 0.6827681308665651}