{"alpha_base_sessions": [0.8174, 0.6454, 0.7836, 0.7578, 0.7804, 0.7862], "alpha_new_sessions": [0, 0.968, 0.891, 0.0, 0.012, 0.0], "alpha_all_sessions": [0, 0.6991666666666667, 0.6871428571428572, 0.5295, 0.43766666666666665, 0.3933], "alpha_ideal": 0.8046, "session_classes": [[0, 1, 2, 3, 4], [5], [9], [6], [8], [7]]}