{"alpha_base_sessions": [0.593, 0.389, 0.4144, 0.3746, 0.3954, 0.4088], "alpha_new_sessions": [0, 0.852, 0.851, 0.87, 0.866, 0.888], "alpha_all_sessions": [0, 0.4661666666666667, 0.4175714285714286, 0.342875, 0.3158888888888889, 0.2932], "alpha_ideal": 0, "session_classes": [[0, 1, 2, 3, 4], [6], [7], [5], [8], [9]]}