{"omega_base": 0.566566866267465, "omega_new": 0.8038000000000001, "omega_all": 0.6207260083008586}