{"alpha_base_sessions": [0.5894, 0.2442, 0.0894, 0.1848, 0.4404, 0.1766], "alpha_new_sessions": [0, 0.769, 0.987, 0.865, 0.468, 0.93], "alpha_all_sessions": [0, 0.33166666666666667, 0.20485714285714285, 0.225, 0.3011111111111111, 0.1813], "alpha_ideal": 0.4008, "session_classes": [[0, 1, 2, 3, 4], [9], [5], [8], [7], [6]]}