{"omega_base": 0.5452456924058711, "omega_new": 0.3816, "omega_all": 0.5117290140902139}