{"omega_base": 0.8738734177215189, "omega_new": 0.3132, "omega_all": 0.6249578059071729}