{"alpha_base_sessions": [0.838, 0.4878, 0.8028, 0.7474, 0.681, 0.7328], "alpha_new_sessions": [0, 0.963, 0.602, 0.0, 0.0, 0.001], "alpha_all_sessions": [0, 0.567, 0.661, 0.47275, 0.3983333333333333, 0.3695], "alpha_ideal": 0.79, "session_classes": [[0, 1, 2, 3, 4], [5], [9], [7], [6], [8]]}