{"omega_base": 0.8903176620076239, "omega_new": 0.252, "omega_all": 0.6211432806922006}