{"alpha_base_sessions": [0.8342, 0.7766, 0.7946, 0.7744, 0.515, 0.774], "alpha_new_sessions": [0, 0.997, 0.997, 0.976, 0.83, 0.999], "alpha_all_sessions": [0, 0.8133333333333334, 0.71, 0.606, 0.37833333333333335, 0.4877], "alpha_ideal": 0, "session_classes": [[0, 1, 2, 3, 4], [9], [5], [8], [6], [7]]}