{"omega_base": 0.7087256748273698, "omega_new": 0.9268000000000001, "omega_all": 0.6620550972010483}