{"alpha_base_sessions": [0.7218, 0.6666, 0.4258, 0.3498, 0.485, 0.3308], "alpha_new_sessions": [0, 0.975, 0.961, 0.713, 0.993, 0.992], "alpha_all_sessions": [0, 0.7125, 0.43757142857142856, 0.311625, 0.3801111111111111, 0.2675], "alpha_ideal": 0.6372, "session_classes": [[0, 1, 2, 3, 4], [5], [8], [6], [9], [7]]}