{"omega_base": 0.7150468672915639, "omega_new": 0.9456, "omega_all": 0.6058047705186334}