{"omega_base": 0.7378897480668496, "omega_new": 0.5906, "omega_all": 0.5710022489082105}