{"alpha_base_sessions": [0.778, 0.6708, 0.6574, 0.2466, 0.7506, 0.6328], "alpha_new_sessions": [0, 0.0, 0.993, 0.966, 0.994, 0.0], "alpha_all_sessions": [0, 0.559, 0.6114285714285714, 0.274875, 0.5274444444444445, 0.3164], "alpha_ideal": 0.8018, "session_classes": [[0, 1, 2, 3, 4], [7], [5], [6], [9], [8]]}