{"omega_base": 0.7402930402930401, "omega_new": 0.38839999999999997, "omega_all": 0.5934202569916855}