{"alpha_base_sessions": [0.651, 0.22, 0.5488, 0.3334, 0.456, 0.4628], "alpha_new_sessions": [0, 0.915, 0.304, 0.515, 0.004, 0.204], "alpha_all_sessions": [0, 0.3355, 0.43514285714285716, 0.31925, 0.2624444444444444, 0.2677], "alpha_ideal": 0.546, "session_classes": [[0, 1, 2, 3, 4], [5], [7], [6], [9], [8]]}