{"omega_base": 0.8613252708490804, "omega_new": 0.5724, "omega_all": 0.6673644354861287}