{"alpha_base_sessions": [0.8334, 0.8022, 0.8018, 0.2696, 0.7816, 0.7634], "alpha_new_sessions": [0, 0.987, 0.89, 0.985, 0.0, 0.0], "alpha_all_sessions": [0, 0.833, 0.708, 0.291625, 0.43444444444444447, 0.3817], "alpha_ideal": 0.7938, "session_classes": [[0, 1, 2, 3, 4], [9], [7], [6], [5], [8]]}