{"omega_base": 0.723546511627907, "omega_new": 0.9752000000000001, "omega_all": 0.6417791389811739}