{"alpha_base_sessions": [0.83, 0.8028, 0.7442, 0.6136, 0.3816, 0.4446], "alpha_new_sessions": [0, 0.996, 0.967, 0.998, 0.945, 0.97], "alpha_all_sessions": [0, 0.835, 0.6697142857142857, 0.50825, 0.317, 0.3193], "alpha_ideal": 0.8256, "session_classes": [[0, 1, 2, 3, 4], [9], [7], [5], [6], [8]]}