{"omega_base": 0.8176456251523276, "omega_new": 0.236, "omega_all": 0.5611153666113452}