{"alpha_base_sessions": [0.8328, 0.6696, 0.4258, 0.79, 0.7178, 0.7516], "alpha_new_sessions": [0, 0.174, 0.954, 0.052, 0.0, 0.0], "alpha_all_sessions": [0, 0.587, 0.44042857142857145, 0.50025, 0.3987777777777778, 0.3758], "alpha_ideal": 0.8206, "session_classes": [[0, 1, 2, 3, 4], [6], [8], [9], [5], [7]]}