{"omega_base": 0.6686471888043211, "omega_new": 0.9602, "omega_all": 0.6130708810244777}