{"alpha_base_sessions": [0.8352, 0.7572, 0.719, 0.6602, 0.4128, 0.1742], "alpha_new_sessions": [0, 1.0, 0.975, 0.988, 0.914, 0.924], "alpha_all_sessions": [0, 0.7976666666666666, 0.6528571428571428, 0.536125, 0.3308888888888889, 0.1795], "alpha_ideal": 0.8146, "session_classes": [[0, 1, 2, 3, 4], [7], [5], [9], [8], [6]]}