{"omega_base": 0.5068724379069206, "omega_new": 0.9683999999999999, "omega_all": 0.49056250263146817}