{"alpha_base_sessions": [0.8342, 0.3904, 0.6374, 0.5746, 0.3738, 0.1258], "alpha_new_sessions": [0, 0.937, 0.998, 0.945, 0.989, 0.973], "alpha_all_sessions": [0, 0.4815, 0.5978571428571429, 0.47725, 0.31755555555555554, 0.1602], "alpha_ideal": 0.8294, "session_classes": [[0, 1, 2, 3, 4], [8], [7], [5], [9], [6]]}