{"omega_base": 0.8870959782876882, "omega_new": 0.38980000000000004, "omega_all": 0.6516608312870341}