{"alpha_base_sessions": [0.8478, 0.5178, 0.8148, 0.7836, 0.7898, 0.6894], "alpha_new_sessions": [0, 0.948, 0.979, 0.008, 0.0, 0.014], "alpha_all_sessions": [0, 0.5895, 0.7224285714285714, 0.543875, 0.43877777777777777, 0.3466], "alpha_ideal": 0.8106, "session_classes": [[0, 1, 2, 3, 4], [8], [9], [5], [7], [6]]}