{"alpha_base_sessions": [0.462, 0.2582, 0.3352, 0.3348, 0.3452, 0.204], "alpha_new_sessions": [0, 0.0, 0.0, 0.0, 0.0, 0.0], "alpha_all_sessions": [0, 0.21516666666666667, 0.23942857142857144, 0.20925, 0.19177777777777777, 0.102], "alpha_ideal": 0.3182, "session_classes": [[0, 1, 2, 3, 4], [5], [9], [7], [6], [8]]}