{"alpha_base_sessions": [0.46, 0.1032, 0.3326, 0.2892, 0.3498, 0.4492], "alpha_new_sessions": [0, 0.858, 0.0, 0.0, 0.0, 0.0], "alpha_all_sessions": [0, 0.229, 0.23757142857142857, 0.18075, 0.19433333333333333, 0.2246], "alpha_ideal": 0.2922, "session_classes": [[0, 1, 2, 3, 4], [7], [8], [9], [5], [6]]}