{"omega_base": 0.9841246652057463, "omega_new": 0.0, "omega_all": 0.6369053416350713}