{"alpha_base_sessions": [0.8422, 0.828, 0.8168, 0.7958, 0.7986, 0.8026], "alpha_new_sessions": [0, 0.0, 0.0, 0.0, 0.0, 0.0], "alpha_all_sessions": [0, 0.69, 0.5834285714285714, 0.497375, 0.44366666666666665, 0.4013], "alpha_ideal": 0.8214, "session_classes": [[0, 1, 2, 3, 4], [7], [6], [9], [5], [8]]}