{"omega_base": 0.9320941759603469, "omega_new": 0.1356, "omega_all": 0.6181351664994787}