{"alpha_base_sessions": [0.8448, 0.5456, 0.806, 0.8106, 0.8096, 0.7892], "alpha_new_sessions": [0, 0.673, 0.0, 0.005, 0.0, 0.0], "alpha_all_sessions": [0, 0.5668333333333333, 0.5757142857142857, 0.50725, 0.4497777777777778, 0.3946], "alpha_ideal": 0.807, "session_classes": [[0, 1, 2, 3, 4], [6], [8], [5], [7], [9]]}