{"omega_base": 0.8229826353421859, "omega_new": 0.5456, "omega_all": 0.6353075295491026}