{"alpha_base_sessions": [0.8306, 0.419, 0.4732, 0.8026, 0.761, 0.767], "alpha_new_sessions": [0, 1.0, 0.778, 0.0, 0.944, 0.006], "alpha_all_sessions": [0, 0.5158333333333334, 0.4677142857142857, 0.53825, 0.5276666666666666, 0.4384], "alpha_ideal": 0.7832, "session_classes": [[0, 1, 2, 3, 4], [9], [6], [8], [5], [7]]}