{"omega_base": 0.6866710439921209, "omega_new": 0.4760000000000001, "omega_all": 0.5565108807804146}