{"alpha_base_sessions": [0.7128, 0.3114, 0.2726, 0.5712, 0.3512, 0.5852], "alpha_new_sessions": [0, 0.751, 0.95, 0.127, 0.484, 0.068], "alpha_all_sessions": [0, 0.395, 0.32885714285714285, 0.378875, 0.277, 0.3154], "alpha_ideal": 0.6092, "session_classes": [[0, 1, 2, 3, 4], [6], [7], [9], [5], [8]]}