{"omega_base": 0.9583352080989876, "omega_new": 0.3818, "omega_all": 0.6715851589979824}