{"alpha_base_sessions": [0.9414, 0.633, 0.8828, 0.899, 0.9286, 0.9164], "alpha_new_sessions": [0, 0.984, 0.646, 0.279, 0.0, 0.0], "alpha_all_sessions": [0, 0.6915, 0.7228571428571429, 0.59675, 0.5158888888888888, 0.4582], "alpha_ideal": 0.889, "session_classes": [[0, 1, 2, 3, 4], [6], [7], [5], [9], [8]]}