{"omega_base": 0.9687651331719127, "omega_new": 0.0, "omega_all": 0.6281295399515738}