{"alpha_base_sessions": [0.451, 0.0772, 0.0724, 0.117, 0.172, 0.1172], "alpha_new_sessions": [0, 0.938, 0.938, 0.932, 0.872, 0.919], "alpha_all_sessions": [0, 0.22066666666666668, 0.18571428571428572, 0.189625, 0.19244444444444445, 0.1505], "alpha_ideal": 0, "session_classes": [[0, 1, 2, 3, 4], [8], [5], [7], [9], [6]]}