{"alpha_base_sessions": [0.8402, 0.7142, 0.777, 0.4348, 0.8044, 0.755], "alpha_new_sessions": [0, 0.968, 0.999, 0.829, 0.998, 0.995], "alpha_all_sessions": [0, 0.7565, 0.6977142857142857, 0.375375, 0.5577777777777778, 0.477], "alpha_ideal": 0, "session_classes": [[0, 1, 2, 3, 4], [8], [7], [6], [5], [9]]}