{"omega_base": 0.8784930853600382, "omega_new": 0.2448, "omega_all": 0.6119740218452666}