{"alpha_base_sessions": [0.8328, 0.67, 0.7694, 0.7728, 0.7042, 0.768], "alpha_new_sessions": [0, 0.996, 0.228, 0.0, 0.0, 0.0], "alpha_all_sessions": [0, 0.7243333333333334, 0.5822857142857143, 0.483, 0.393, 0.384], "alpha_ideal": 0.8388, "session_classes": [[0, 1, 2, 3, 4], [9], [8], [5], [6], [7]]}