{"alpha_base_sessions": [0.9424, 0.816, 0.8178, 0.7946, 0.8112, 0.822], "alpha_new_sessions": [0, 0.952, 0.971, 0.916, 0.948, 0.968], "alpha_all_sessions": [0, 0.8386666666666667, 0.7228571428571429, 0.611375, 0.556, 0.5079], "alpha_ideal": 0, "session_classes": [[0, 1, 2, 3, 4], [6], [9], [5], [7], [8]]}