{"alpha_base_sessions": [0.4814, 0.1032, 0.1492, 0.122, 0.1452, 0.175], "alpha_new_sessions": [0, 0.916, 0.938, 0.911, 0.893, 0.904], "alpha_all_sessions": [0, 0.23866666666666667, 0.24057142857142857, 0.190125, 0.17988888888888888, 0.1779], "alpha_ideal": 0, "session_classes": [[0, 1, 2, 3, 4], [8], [6], [7], [5], [9]]}