{"omega_base": 0.9262877871825876, "omega_new": 0.0, "omega_all": 0.6044878217308689}