{"alpha_base_sessions": [0.8384, 0.8258, 0.7964, 0.7784, 0.7422, 0.6874], "alpha_new_sessions": [0, 0.0, 0.0, 0.0, 0.0, 0.0], "alpha_all_sessions": [0, 0.6881666666666667, 0.5688571428571428, 0.4865, 0.41233333333333333, 0.3437], "alpha_ideal": 0.827, "session_classes": [[0, 1, 2, 3, 4], [7], [6], [9], [8], [5]]}