{"omega_base": 0.7893081761006289, "omega_new": 0.253, "omega_all": 0.6160085354896675}