{"alpha_base_sessions": [0.4254, 0.338, 0.075, 0.329, 0.2402, 0.2728], "alpha_new_sessions": [0, 0.0, 0.888, 0.0, 0.377, 0.0], "alpha_all_sessions": [0, 0.2816666666666667, 0.18042857142857144, 0.205625, 0.17533333333333334, 0.1364], "alpha_ideal": 0.318, "session_classes": [[0, 1, 2, 3, 4], [6], [8], [7], [9], [5]]}