{"omega_base": 0.9021378813355753, "omega_new": 0.0, "omega_all": 0.5849008079490903}