{"alpha_base_sessions": [0.7992, 0.7766, 0.7668, 0.7468, 0.731, 0.7344], "alpha_new_sessions": [0, 0.0, 0.0, 0.0, 0.0, 0.0], "alpha_all_sessions": [0, 0.6471666666666667, 0.5477142857142857, 0.46675, 0.4061111111111111, 0.3672], "alpha_ideal": 0.8326, "session_classes": [[0, 1, 2, 3, 4], [6], [8], [9], [5], [7]]}