{"omega_base": 0.8800477897252093, "omega_new": 0.1462, "omega_all": 0.5914475356052417}