{"alpha_base_sessions": [0.85, 0.7682, 0.4578, 0.8058, 0.8004, 0.7812], "alpha_new_sessions": [0, 0.971, 0.868, 0.998, 0.999, 0.998], "alpha_all_sessions": [0, 0.802, 0.451, 0.628375, 0.5556666666666666, 0.4904], "alpha_ideal": 0, "session_classes": [[0, 1, 2, 3, 4], [8], [6], [5], [7], [9]]}