{"omega_base": 0.8881841145102441, "omega_new": 0.9734, "omega_all": 0.7686380970200786}