{"alpha_base_sessions": [0.8408, 0.7778, 0.7726, 0.655, 0.3424, 0.6168], "alpha_new_sessions": [0, 0.991, 0.992, 0.983, 0.959, 0.942], "alpha_all_sessions": [0, 0.8133333333333334, 0.6935714285714286, 0.532375, 0.29677777777777775, 0.4026], "alpha_ideal": 0.7126, "session_classes": [[0, 1, 2, 3, 4], [9], [7], [5], [6], [8]]}