{"omega_base": 1.0456194125159644, "omega_new": 0.0, "omega_all": 0.6765308439254798}