{"alpha_base_sessions": [0.8428, 0.8334, 0.8272, 0.8092, 0.821, 0.8028], "alpha_new_sessions": [0, 0.0, 0.0, 0.0, 0.0, 0.0], "alpha_all_sessions": [0, 0.6945, 0.5908571428571429, 0.50575, 0.45611111111111113, 0.4014], "alpha_ideal": 0.783, "session_classes": [[0, 1, 2, 3, 4], [9], [7], [6], [5], [8]]}