{"alpha_base_sessions": [0.3766, 0.2178, 0.2812, 0.3056, 0.0492, 0.0006], "alpha_new_sessions": [0, 0.0, 0.0, 0.0, 0.908, 1.0], "alpha_all_sessions": [0, 0.1815, 0.20085714285714285, 0.191, 0.1282222222222222, 0.1003], "alpha_ideal": 0.3134, "session_classes": [[0, 1, 2, 3, 4], [5], [9], [6], [8], [7]]}