{"omega_base": 0.8282149223325694, "omega_new": 0.791, "omega_all": 0.6803461788755907}