{"alpha_base_sessions": [0.8446, 0.3336, 0.7658, 0.7736, 0.7264, 0.653], "alpha_new_sessions": [0, 0.987, 0.98, 0.999, 0.989, 0.0], "alpha_all_sessions": [0, 0.4425, 0.687, 0.608375, 0.5134444444444445, 0.4204], "alpha_ideal": 0.7854, "session_classes": [[0, 1, 2, 3, 4], [8], [5], [7], [9], [6]]}