{"omega_base": 0.5872434830837493, "omega_new": 0.8566, "omega_all": 0.67852212802296}