{"alpha_base_sessions": [0.5914, 0.2142, 0.0794, 0.2034, 0.2702, 0.2916], "alpha_new_sessions": [0, 0.895, 0.987, 0.886, 0.853, 0.662], "alpha_all_sessions": [0, 0.32766666666666666, 0.1977142857142857, 0.23875, 0.24544444444444444, 0.2138], "alpha_ideal": 0.3606, "session_classes": [[0, 1, 2, 3, 4], [7], [5], [9], [6], [8]]}