{"omega_base": 0.89514079242462, "omega_new": 0.6864, "omega_all": 0.6938527167657496}