{"alpha_base_sessions": [0.8268, 0.5926, 0.8108, 0.6846, 0.732, 0.7722], "alpha_new_sessions": [0, 0.999, 0.989, 0.923, 0.0, 0.521], "alpha_all_sessions": [0, 0.6603333333333333, 0.7277142857142858, 0.54325, 0.41433333333333333, 0.4388], "alpha_ideal": 0.8026, "session_classes": [[0, 1, 2, 3, 4], [5], [7], [8], [6], [9]]}