{"omega_base": 0.8777777777777778, "omega_new": 0.09580000000000001, "omega_all": 0.5904924505414703}