{"alpha_base_sessions": [0.826, 0.7578, 0.751, 0.6986, 0.582, 0.7024], "alpha_new_sessions": [0, 0.079, 0.382, 0.0, 0.0, 0.018], "alpha_all_sessions": [0, 0.6446666666666667, 0.5911428571428572, 0.436625, 0.3234444444444444, 0.3531], "alpha_ideal": 0.7956, "session_classes": [[0, 1, 2, 3, 4], [8], [5], [6], [9], [7]]}