{"omega_base": 0.81365087159342, "omega_new": 0.3208, "omega_all": 0.5775909103309053}