{"alpha_base_sessions": [0.8272, 0.2978, 0.794, 0.7332, 0.731, 0.758], "alpha_new_sessions": [0, 1.0, 0.004, 0.597, 0.003, 0.0], "alpha_all_sessions": [0, 0.41483333333333333, 0.616, 0.53525, 0.40744444444444444, 0.379], "alpha_ideal": 0.8146, "session_classes": [[0, 1, 2, 3, 4], [5], [7], [8], [6], [9]]}