{"omega_base": 0.5559894459102902, "omega_new": 0.641, "omega_all": 0.465499434602337}