{"alpha_base_sessions": [0.5786, 0.3396, 0.076, 0.2722, 0.244, 0.1744], "alpha_new_sessions": [0, 0.763, 0.973, 0.754, 0.883, 0.914], "alpha_all_sessions": [0, 0.4101666666666667, 0.19328571428571428, 0.272875, 0.23377777777777778, 0.1791], "alpha_ideal": 0.3718, "session_classes": [[0, 1, 2, 3, 4], [6], [7], [8], [5], [9]]}