{"omega_base": 0.6351734539969833, "omega_new": 0.2886, "omega_all": 0.47899973664679546}