{"alpha_base_sessions": [0.7346, 0.3828, 0.3094, 0.5518, 0.4462, 0.4154], "alpha_new_sessions": [0, 0.444, 0.627, 0.228, 0.046, 0.098], "alpha_all_sessions": [0, 0.3995, 0.31342857142857145, 0.3815, 0.26555555555555554, 0.2279], "alpha_ideal": 0.663, "session_classes": [[0, 1, 2, 3, 4], [7], [5], [9], [6], [8]]}