{"omega_base": 0.7262503239181135, "omega_new": 0.9800000000000001, "omega_all": 0.6498957292167968}