{"alpha_base_sessions": [0.8368, 0.6874, 0.6372, 0.6108, 0.561, 0.3062], "alpha_new_sessions": [0, 0.992, 0.991, 0.962, 0.972, 0.983], "alpha_all_sessions": [0, 0.7381666666666666, 0.5967142857142858, 0.502, 0.4196666666666667, 0.2514], "alpha_ideal": 0.7718, "session_classes": [[0, 1, 2, 3, 4], [9], [7], [8], [5], [6]]}