{"alpha_base_sessions": [0.831, 0.6944, 0.747, 0.3524, 0.7306, 0.735], "alpha_new_sessions": [0, 0.979, 1.0, 0.938, 0.998, 0.998], "alpha_all_sessions": [0, 0.7418333333333333, 0.6764285714285714, 0.3375, 0.5167777777777778, 0.4673], "alpha_ideal": 0, "session_classes": [[0, 1, 2, 3, 4], [8], [7], [6], [9], [5]]}