{"omega_base": 0.8693635660912136, "omega_new": 0.22879999999999998, "omega_all": 0.5947667308785577}