{"alpha_base_sessions": [0.8328, 0.4304, 0.752, 0.7728, 0.6902, 0.7286], "alpha_new_sessions": [0, 0.902, 0.024, 0.177, 0.041, 0.0], "alpha_all_sessions": [0, 0.509, 0.5414285714285715, 0.50525, 0.38811111111111113, 0.3645], "alpha_ideal": 0.7762, "session_classes": [[0, 1, 2, 3, 4], [8], [7], [5], [6], [9]]}