{"alpha_base_sessions": [0.8258, 0.7716, 0.7272, 0.743, 0.3896, 0.7038], "alpha_new_sessions": [0, 0.995, 0.994, 1.0, 0.861, 0.948], "alpha_all_sessions": [0, 0.8088333333333333, 0.6614285714285715, 0.589375, 0.3121111111111111, 0.4467], "alpha_ideal": 0, "session_classes": [[0, 1, 2, 3, 4], [9], [5], [7], [6], [8]]}