{"omega_base": 0.8307455012853471, "omega_new": 0.7272000000000001, "omega_all": 0.6740894438323743}