{"alpha_base_sessions": [0.8538, 0.8084, 0.5418, 0.7796, 0.8016, 0.7574], "alpha_new_sessions": [0, 1.0, 0.813, 0.998, 0.999, 0.982], "alpha_all_sessions": [0, 0.8403333333333334, 0.5031428571428571, 0.612, 0.5563333333333333, 0.4769], "alpha_ideal": 0, "session_classes": [[0, 1, 2, 3, 4], [7], [6], [9], [5], [8]]}