{"omega_base": 0.8508237643534697, "omega_new": 0.3604, "omega_all": 0.6079436400954124}