{"alpha_base_sessions": [0.8288, 0.4134, 0.7514, 0.698, 0.7642, 0.7814], "alpha_new_sessions": [0, 1.0, 0.749, 0.053, 0.0, 0.0], "alpha_all_sessions": [0, 0.5111666666666667, 0.644, 0.465, 0.4245555555555556, 0.3907], "alpha_ideal": 0.8012, "session_classes": [[0, 1, 2, 3, 4], [9], [5], [6], [8], [7]]}