{"alpha_base_sessions": [0.9406, 0.8104, 0.8222, 0.8124, 0.8366, 0.8046], "alpha_new_sessions": [0, 0.932, 0.948, 0.955, 0.964, 0.95], "alpha_all_sessions": [0, 0.8306666666666667, 0.7227142857142858, 0.627125, 0.572, 0.4974], "alpha_ideal": 0, "session_classes": [[0, 1, 2, 3, 4], [5], [7], [9], [8], [6]]}