{"omega_base": 0.7251049123673168, "omega_new": 0.9398, "omega_all": 0.6047988346988594}