{"alpha_base_sessions": [0.8964, 0.5144, 0.3328, 0.7606, 0.5856, 0.744], "alpha_new_sessions": [0, 0.99, 0.997, 0.868, 0.956, 0.888], "alpha_all_sessions": [0, 0.5936666666666667, 0.3801428571428571, 0.583875, 0.4315555555555556, 0.4608], "alpha_ideal": 0.8102, "session_classes": [[0, 1, 2, 3, 4], [7], [6], [9], [5], [8]]}