{"omega_base": 1.0216134707212867, "omega_new": 0.0, "omega_all": 0.6622743610303299}