{"alpha_base_sessions": [0.8434, 0.8436, 0.8224, 0.8108, 0.7904, 0.7978], "alpha_new_sessions": [0, 0.0, 0.0, 0.0, 0.0, 0.0], "alpha_all_sessions": [0, 0.703, 0.5874285714285714, 0.50675, 0.4391111111111111, 0.3989], "alpha_ideal": 0.7958, "session_classes": [[0, 1, 2, 3, 4], [8], [5], [6], [9], [7]]}