{"omega_base": 0.7311377245508982, "omega_new": 0.7809999999999999, "omega_all": 0.5775430290213225}