{"alpha_base_sessions": [0.8368, 0.3636, 0.5496, 0.4902, 0.778, 0.749], "alpha_new_sessions": [0, 0.944, 0.972, 0.0, 0.993, 0.996], "alpha_all_sessions": [0, 0.4603333333333333, 0.5314285714285715, 0.306375, 0.5425555555555556, 0.4741], "alpha_ideal": 0.8016, "session_classes": [[0, 1, 2, 3, 4], [6], [8], [5], [9], [7]]}