{"omega_base": 0.8441368897835934, "omega_new": 0.2932, "omega_all": 0.5900328324585999}