{"alpha_base_sessions": [0.7798, 0.4136, 0.7116, 0.7842, 0.75, 0.6952], "alpha_new_sessions": [0, 0.971, 0.028, 0.467, 0.0, 0.0], "alpha_all_sessions": [0, 0.5065, 0.5158571428571429, 0.5485, 0.42633333333333334, 0.3476], "alpha_ideal": 0.7948, "session_classes": [[0, 1, 2, 3, 4], [8], [7], [9], [5], [6]]}