{"omega_base": 0.8946016646848989, "omega_new": 0.1974, "omega_all": 0.6338162240718721}