{"alpha_base_sessions": [0.8464, 0.7484, 0.791, 0.7542, 0.711, 0.7572], "alpha_new_sessions": [0, 0.987, 0.0, 0.0, 0.0, 0.0], "alpha_all_sessions": [0, 0.7881666666666667, 0.626, 0.473875, 0.39855555555555555, 0.3786], "alpha_ideal": 0.841, "session_classes": [[0, 1, 2, 3, 4], [7], [8], [5], [6], [9]]}