{"omega_base": 0.8683501683501683, "omega_new": 0.0, "omega_all": 0.571303644914756}