{"alpha_base_sessions": [0.8092, 0.8248, 0.7938, 0.7114, 0.652, 0.6286], "alpha_new_sessions": [0, 0.0, 0.0, 0.0, 0.0, 0.0], "alpha_all_sessions": [0, 0.6873333333333334, 0.567, 0.444625, 0.3622222222222222, 0.3143], "alpha_ideal": 0.8316, "session_classes": [[0, 1, 2, 3, 4], [9], [6], [8], [7], [5]]}