{"alpha_base_sessions": [0.466, 0.1318, 0.116, 0.1364, 0.0888, 0.1248], "alpha_new_sessions": [0, 0.922, 0.949, 0.914, 0.956, 0.907], "alpha_all_sessions": [0, 0.2635, 0.21842857142857142, 0.1995, 0.15555555555555556, 0.1531], "alpha_ideal": 0, "session_classes": [[0, 1, 2, 3, 4], [9], [6], [7], [8], [5]]}