{"omega_base": 0.8016654770402094, "omega_new": 0.19780000000000003, "omega_all": 0.536100631068511}