{"alpha_base_sessions": [0.8356, 0.2846, 0.8132, 0.7632, 0.7462, 0.7622], "alpha_new_sessions": [0, 0.9, 0.047, 0.042, 0.0, 0.0], "alpha_all_sessions": [0, 0.38716666666666666, 0.5877142857142857, 0.48225, 0.415, 0.3811], "alpha_ideal": 0.8406, "session_classes": [[0, 1, 2, 3, 4], [6], [8], [7], [5], [9]]}