{"omega_base": 0.868225513120291, "omega_new": 0.3256, "omega_all": 0.6500206196620849}