{"alpha_base_sessions": [0.819, 0.409, 0.7558, 0.7264, 0.7254, 0.7252], "alpha_new_sessions": [0, 0.997, 0.0, 0.612, 0.019, 0.0], "alpha_all_sessions": [0, 0.507, 0.6208571428571429, 0.55025, 0.4612222222222222, 0.3626], "alpha_ideal": 0.7698, "session_classes": [[0, 1, 2, 3, 4], [7], [6], [9], [8], [5]]}