{"omega_base": 0.9557200538358008, "omega_new": 0.3484, "omega_all": 0.6647730671452071}