{"alpha_base_sessions": [0.941, 0.6184, 0.8792, 0.9098, 0.924, 0.9292], "alpha_new_sessions": [0, 0.985, 0.685, 0.072, 0.0, 0.0], "alpha_all_sessions": [0, 0.6795, 0.726, 0.580125, 0.5133333333333333, 0.4646], "alpha_ideal": 0.8916, "session_classes": [[0, 1, 2, 3, 4], [6], [7], [5], [8], [9]]}