{"alpha_base_sessions": [0.833, 0.7182, 0.7376, 0.7254, 0.7478, 0.754], "alpha_new_sessions": [0, 0.144, 0.073, 0.309, 0.205, 0.0], "alpha_all_sessions": [0, 0.6225, 0.5372857142857143, 0.492, 0.43822222222222224, 0.3852], "alpha_ideal": 0.837, "session_classes": [[0, 1, 2, 3, 4], [6], [8], [5], [9], [7]]}