{"omega_base": 1.0621641791044776, "omega_new": 0.8779999999999999, "omega_all": 0.9336194029850746}