{"omega_base": 0.697873417721519, "omega_new": 0.9842000000000001, "omega_all": 0.6112201125175808}