{"alpha_base_sessions": [0.8384, 0.6132, 0.5838, 0.2588, 0.7038, 0.597], "alpha_new_sessions": [0, 0.977, 0.994, 0.969, 0.991, 0.99], "alpha_all_sessions": [0, 0.6738333333333333, 0.559, 0.282875, 0.5011111111111111, 0.3975], "alpha_ideal": 0.79, "session_classes": [[0, 1, 2, 3, 4], [8], [7], [6], [5], [9]]}