{"omega_base": 1.0088838268792713, "omega_new": 0.2674, "omega_all": 0.6904864048884551}