{"alpha_base_sessions": [0.9436, 0.7476, 0.897, 0.9198, 0.9358, 0.9288], "alpha_new_sessions": [0, 0.753, 0.552, 0.032, 0.0, 0.0], "alpha_all_sessions": [0, 0.7485, 0.7195714285714285, 0.578875, 0.5198888888888888, 0.4644], "alpha_ideal": 0.878, "session_classes": [[0, 1, 2, 3, 4], [9], [6], [8], [7], [5]]}