{"alpha_base_sessions": [0.8336, 0.3942, 0.6538, 0.6544, 0.6914, 0.7776], "alpha_new_sessions": [0, 0.983, 0.323, 0.0, 0.0, 0.0], "alpha_all_sessions": [0, 0.49233333333333335, 0.5132857142857142, 0.409, 0.38422222222222224, 0.3888], "alpha_ideal": 0.7242, "session_classes": [[0, 1, 2, 3, 4], [8], [6], [5], [9], [7]]}