{"omega_base": 0.9361180590295148, "omega_new": 0.1988, "omega_all": 0.649112056028014}