{"omega_base": 0.9336348488455131, "omega_new": 0.0, "omega_all": 0.6057157592863378}