{"alpha_base_sessions": [0.8258, 0.8232, 0.7776, 0.7892, 0.789, 0.7432], "alpha_new_sessions": [0, 0.0, 0.0, 0.0, 0.0, 0.0], "alpha_all_sessions": [0, 0.686, 0.5554285714285714, 0.49325, 0.43833333333333335, 0.3716], "alpha_ideal": 0.8402, "session_classes": [[0, 1, 2, 3, 4], [6], [8], [9], [5], [7]]}