{"omega_base": 0.6564371719666563, "omega_new": 0.31260000000000004, "omega_all": 0.5293701024713683}