{"alpha_base_sessions": [0.7408, 0.3382, 0.5278, 0.4644, 0.3324, 0.4634], "alpha_new_sessions": [0, 0.3, 0.937, 0.047, 0.213, 0.066], "alpha_all_sessions": [0, 0.3298333333333333, 0.5095714285714286, 0.345625, 0.258, 0.2716], "alpha_ideal": 0.6478, "session_classes": [[0, 1, 2, 3, 4], [5], [7], [9], [6], [8]]}