{"omega_base": 1.0065861690450055, "omega_new": 0.0, "omega_all": 0.6510051312877877}