{"alpha_base_sessions": [0.4906, 0.4086, 0.3506, 0.309, 0.3452, 0.4206], "alpha_new_sessions": [0, 0.0, 0.0, 0.0, 0.0, 0.0], "alpha_all_sessions": [0, 0.3405, 0.25042857142857144, 0.193125, 0.19177777777777777, 0.2103], "alpha_ideal": 0.3644, "session_classes": [[0, 1, 2, 3, 4], [8], [6], [9], [7], [5]]}