{"omega_base": 0.8898669891172916, "omega_new": 0.21799999999999997, "omega_all": 0.6444124872843133}