{"alpha_base_sessions": [0.845, 0.6914, 0.7804, 0.7648, 0.7458, 0.6972], "alpha_new_sessions": [0, 1.0, 0.089, 0.0, 0.001, 0.0], "alpha_all_sessions": [0, 0.7428333333333333, 0.6791428571428572, 0.479625, 0.41444444444444445, 0.3486], "alpha_ideal": 0.827, "session_classes": [[0, 1, 2, 3, 4], [5], [8], [7], [9], [6]]}