{"alpha_base_sessions": [0.8338, 0.7478, 0.3824, 0.6912, 0.7488, 0.7322], "alpha_new_sessions": [0, 0.997, 0.92, 0.96, 0.996, 0.998], "alpha_all_sessions": [0, 0.7893333333333333, 0.4045714285714286, 0.552, 0.5266666666666666, 0.4659], "alpha_ideal": 0, "session_classes": [[0, 1, 2, 3, 4], [7], [6], [8], [9], [5]]}