{"alpha_base_sessions": [0.8092, 0.738, 0.4892, 0.7368, 0.717, 0.7556], "alpha_new_sessions": [0, 0.998, 0.834, 0.999, 0.97, 0.992], "alpha_all_sessions": [0, 0.7813333333333333, 0.4685714285714286, 0.585375, 0.5061111111111111, 0.477], "alpha_ideal": 0, "session_classes": [[0, 1, 2, 3, 4], [9], [6], [7], [8], [5]]}