{"omega_base": 0.9810249671484887, "omega_new": 0.5248, "omega_all": 0.719377072773919}