{"alpha_base_sessions": [0.844, 0.5532, 0.826, 0.7912, 0.7684, 0.794], "alpha_new_sessions": [0, 0.614, 0.998, 0.0, 1.0, 0.012], "alpha_all_sessions": [0, 0.5633333333333334, 0.7325714285714285, 0.505125, 0.538, 0.3982], "alpha_ideal": 0.761, "session_classes": [[0, 1, 2, 3, 4], [8], [9], [7], [5], [6]]}