{"omega_base": 0.9159709618874773, "omega_new": 0.6886, "omega_all": 0.6872689986460404}