{"alpha_base_sessions": [0.938, 0.607, 0.8866, 0.885, 0.922, 0.737], "alpha_new_sessions": [0, 0.887, 0.692, 0.937, 0.0, 0.927], "alpha_all_sessions": [0, 0.6536666666666666, 0.7321428571428571, 0.67025, 0.5122222222222222, 0.4612], "alpha_ideal": 0.8816, "session_classes": [[0, 1, 2, 3, 4], [7], [8], [6], [5], [9]]}