{"omega_base": 0.9247076766649721, "omega_new": 0.20059999999999997, "omega_all": 0.6295248585792561}