{"omega_base": 0.9596216081652974, "omega_new": 0.0194, "omega_all": 0.6255018354532917}