{"alpha_base_sessions": [0.8422, 0.794, 0.7778, 0.7878, 0.7082, 0.787], "alpha_new_sessions": [0, 0.092, 0.0, 0.0, 0.0, 0.005], "alpha_all_sessions": [0, 0.677, 0.5555714285714286, 0.492625, 0.39344444444444443, 0.394], "alpha_ideal": 0.8034, "session_classes": [[0, 1, 2, 3, 4], [8], [5], [7], [6], [9]]}