{"omega_base": 0.9008542583484339, "omega_new": 0.2002, "omega_all": 0.6066962102815068}