{"omega_base": 0.7402388496222276, "omega_new": 0.8263999999999999, "omega_all": 0.596459327089354}