{"alpha_base_sessions": [0.8312, 0.325, 0.6368, 0.7244, 0.73, 0.621], "alpha_new_sessions": [0, 0.978, 0.902, 0.987, 0.994, 0.271], "alpha_all_sessions": [0, 0.43383333333333335, 0.5837142857142857, 0.576125, 0.516, 0.3376], "alpha_ideal": 0.8206, "session_classes": [[0, 1, 2, 3, 4], [6], [7], [5], [9], [8]]}