{"alpha_base_sessions": [0.9446, 0.8184, 0.8082, 0.835, 0.8312, 0.8256], "alpha_new_sessions": [0, 0.953, 0.937, 0.935, 0.959, 0.935], "alpha_all_sessions": [0, 0.8408333333333333, 0.7111428571428572, 0.63875, 0.5684444444444444, 0.5063], "alpha_ideal": 0, "session_classes": [[0, 1, 2, 3, 4], [8], [5], [6], [9], [7]]}