{"alpha_base_sessions": [0.8934, 0.568, 0.6326, 0.6694, 0.6432, 0.6914], "alpha_new_sessions": [0, 0.884, 0.944, 0.932, 0.895, 0.92], "alpha_all_sessions": [0, 0.6206666666666667, 0.5867142857142857, 0.534875, 0.4567777777777778, 0.4397], "alpha_ideal": 0, "session_classes": [[0, 1, 2, 3, 4], [5], [8], [9], [7], [6]]}