{"omega_base": 0.879764821166095, "omega_new": 0.3312, "omega_all": 0.6248626373626374}