{"alpha_base_sessions": [0.828, 0.6092, 0.7202, 0.793, 0.7336, 0.7352], "alpha_new_sessions": [0, 0.985, 0.429, 0.242, 0.0, 0.0], "alpha_all_sessions": [0, 0.6718333333333333, 0.5757142857142857, 0.525875, 0.4096666666666667, 0.3676], "alpha_ideal": 0.8164, "session_classes": [[0, 1, 2, 3, 4], [7], [8], [9], [6], [5]]}