{"alpha_base_sessions": [0.4548, 0.085, 0.1792, 0.1066, 0.11, 0.1672], "alpha_new_sessions": [0, 0.922, 0.918, 0.942, 0.946, 0.861], "alpha_all_sessions": [0, 0.2245, 0.2591428571428571, 0.184375, 0.16622222222222222, 0.1697], "alpha_ideal": 0, "session_classes": [[0, 1, 2, 3, 4], [7], [9], [5], [6], [8]]}