{"omega_base": 0.9371920593159532, "omega_new": 0.0, "omega_all": 0.6088705329855773}