{"alpha_base_sessions": [0.8096, 0.8122, 0.8076, 0.803, 0.7618, 0.7338], "alpha_new_sessions": [0, 0.0, 0.0, 0.0, 0.0, 0.0], "alpha_all_sessions": [0, 0.6768333333333333, 0.5768571428571428, 0.501875, 0.4232222222222222, 0.3669], "alpha_ideal": 0.8362, "session_classes": [[0, 1, 2, 3, 4], [5], [9], [8], [6], [7]]}