{"omega_base": 0.9885662431941922, "omega_new": 0.275, "omega_all": 0.6768979741019213}