{"alpha_base_sessions": [0.9408, 0.684, 0.887, 0.9322, 0.9298, 0.9246], "alpha_new_sessions": [0, 0.936, 0.439, 0.0, 0.0, 0.0], "alpha_all_sessions": [0, 0.726, 0.6962857142857143, 0.582625, 0.5165555555555555, 0.4623], "alpha_ideal": 0.8816, "session_classes": [[0, 1, 2, 3, 4], [8], [7], [9], [6], [5]]}