{"alpha_base_sessions": [0.8314, 0.799, 0.7776, 0.7922, 0.4442, 0.7626], "alpha_new_sessions": [0, 1.0, 0.992, 0.994, 0.859, 0.974], "alpha_all_sessions": [0, 0.8325, 0.6971428571428572, 0.619375, 0.3422222222222222, 0.4787], "alpha_ideal": 0, "session_classes": [[0, 1, 2, 3, 4], [7], [9], [5], [6], [8]]}