{"omega_base": 0.3765156961418644, "omega_new": 0.9794, "omega_all": 0.386714860079346}