{"alpha_base_sessions": [0.8242, 0.2104, 0.3482, 0.2624, 0.3522, 0.398], "alpha_new_sessions": [0, 0.983, 0.933, 0.994, 0.988, 0.999], "alpha_all_sessions": [0, 0.33916666666666667, 0.382, 0.28825, 0.30544444444444446, 0.2989], "alpha_ideal": 0.8346, "session_classes": [[0, 1, 2, 3, 4], [5], [8], [6], [9], [7]]}