{"omega_base": 0.7931916948334138, "omega_new": 0.4184, "omega_all": 0.6010751266545569}