{"alpha_base_sessions": [0.8154, 0.436, 0.716, 0.7692, 0.6066, 0.7576], "alpha_new_sessions": [0, 0.964, 0.996, 0.132, 0.0, 0.0], "alpha_all_sessions": [0, 0.524, 0.6537142857142857, 0.59425, 0.3388888888888889, 0.3788], "alpha_ideal": 0.8284, "session_classes": [[0, 1, 2, 3, 4], [8], [9], [7], [6], [5]]}