{"omega_base": 0.39885343968095704, "omega_new": 0.9837999999999999, "omega_all": 0.4316664095016537}