{"alpha_base_sessions": [0.8278, 0.4158, 0.4808, 0.3854, 0.144, 0.1742], "alpha_new_sessions": [0, 0.961, 0.999, 0.962, 1.0, 0.997], "alpha_all_sessions": [0, 0.5066666666666667, 0.48614285714285715, 0.361125, 0.19111111111111112, 0.1868], "alpha_ideal": 0.8024, "session_classes": [[0, 1, 2, 3, 4], [5], [9], [8], [7], [6]]}