{"omega_base": 0.4727497527200792, "omega_new": 0.9673999999999999, "omega_all": 0.46082222536228473}