{"alpha_base_sessions": [0.841, 0.4842, 0.1904, 0.349, 0.5202, 0.368], "alpha_new_sessions": [0, 0.931, 0.97, 0.998, 0.986, 0.952], "alpha_all_sessions": [0, 0.5586666666666666, 0.27514285714285713, 0.352, 0.39855555555555555, 0.2792], "alpha_ideal": 0.8088, "session_classes": [[0, 1, 2, 3, 4], [5], [6], [9], [7], [8]]}