{"omega_base": 1.0103351240726528, "omega_new": 0.0, "omega_all": 0.6543845704052917}