{"alpha_base_sessions": [0.8302, 0.813, 0.806, 0.7694, 0.7812, 0.7798], "alpha_new_sessions": [0, 0.0, 0.0, 0.0, 0.0, 0.0], "alpha_all_sessions": [0, 0.6775, 0.5757142857142857, 0.480875, 0.434, 0.3899], "alpha_ideal": 0.7818, "session_classes": [[0, 1, 2, 3, 4], [6], [7], [8], [9], [5]]}