{"omega_base": 0.7054385105340519, "omega_new": 0.9513999999999999, "omega_all": 0.5986446497592994}