{"alpha_base_sessions": [0.895, 0.5664, 0.372, 0.7268, 0.5056, 0.7088], "alpha_new_sessions": [0, 0.972, 0.999, 0.884, 0.99, 0.912], "alpha_all_sessions": [0, 0.634, 0.4084285714285714, 0.56475, 0.3908888888888889, 0.4456], "alpha_ideal": 0.8164, "session_classes": [[0, 1, 2, 3, 4], [6], [7], [9], [5], [8]]}