{"alpha_base_sessions": [0.8912, 0.6832, 0.6448, 0.6212, 0.6576, 0.6754], "alpha_new_sessions": [0, 0.92, 0.909, 0.846, 0.933, 0.92], "alpha_all_sessions": [0, 0.7226666666666667, 0.5904285714285714, 0.494, 0.469, 0.4297], "alpha_ideal": 0, "session_classes": [[0, 1, 2, 3, 4], [9], [7], [5], [6], [8]]}