{"omega_base": 0.885323383084577, "omega_new": 0.0, "omega_all": 0.5787036049909184}