{"alpha_base_sessions": [0.8302, 0.8016, 0.7452, 0.6618, 0.671, 0.6794], "alpha_new_sessions": [0, 0.0, 0.0, 0.0, 0.0, 0.0], "alpha_all_sessions": [0, 0.668, 0.5322857142857143, 0.413625, 0.37277777777777776, 0.3397], "alpha_ideal": 0.804, "session_classes": [[0, 1, 2, 3, 4], [6], [5], [7], [8], [9]]}