{"omega_base": 0.5320698990893429, "omega_new": 0.8562, "omega_all": 0.46044667518332305}