{"alpha_base_sessions": [0.8454, 0.1898, 0.4306, 0.4452, 0.4484, 0.6478], "alpha_new_sessions": [0, 0.977, 0.89, 0.455, 0.994, 0.965], "alpha_all_sessions": [0, 0.321, 0.4347142857142857, 0.335125, 0.3595555555555556, 0.4204], "alpha_ideal": 0.8126, "session_classes": [[0, 1, 2, 3, 4], [6], [8], [7], [9], [5]]}