{"omega_base": 0.4684600197433367, "omega_new": 0.7609999999999999, "omega_all": 0.41587810840031975}