{"alpha_base_sessions": [0.8222, 0.4122, 0.2504, 0.5628, 0.3324, 0.3404], "alpha_new_sessions": [0, 0.0, 0.95, 0.962, 0.981, 0.912], "alpha_all_sessions": [0, 0.3435, 0.31457142857142856, 0.472, 0.2936666666666667, 0.2614], "alpha_ideal": 0.8104, "session_classes": [[0, 1, 2, 3, 4], [5], [6], [9], [7], [8]]}